CREATE TABLE IF NOT EXISTS "activos_activoequipooficina" ("id" integer NOT NULL PRIMARY KEY AUTOINCREMENT, "serialEquipo" varchar(50) NOT NULL, "marcaEquipo" varchar(20) NOT NULL, "colorEquipo" varchar(20) NOT NULL, "sistemaOperativo" varchar(20) NOT NULL, "ramEquipo" varchar(20) NOT NULL, "memoriaEquipo" varchar(20) NOT NULL, "ubicacionEquipo" varchar(50) NOT NULL, "componentesAdicionales" text NOT NULL, "estadoEquipo" varchar(10) NOT NULL, "fotoEquipo" varchar(100) NOT NULL, "fechaIngresoEquipo" date NOT NULL);
INSERT INTO "activos_activoequipooficina" VALUES(2,'987456321','Lenovo','Azul','Windows 11','16','1T Solido','Gerencia','Teclado, Mouse.','Activo','equipos/Acer_aspire_UdQlfXc.jpg','2022-11-19');
INSERT INTO "activos_activoequipooficina" VALUES(3,'789999','Acer','Blanco','Windows 10','8','500','Oficina 002','','Activo','equipos/equipo_default.jpg','2022-11-19');
INSERT INTO "activos_activoequipooficina" VALUES(4,'1','1','Negro','1','1','1','1','','Activo','equipos/equipo_default.jpg','2022-11-19');
INSERT INTO "activos_activoequipooficina" VALUES(5,'5','5','5','5','5','5','5','5','Activo','equipos/equipo_default.jpg','2022-11-19');
INSERT INTO "activos_activoequipooficina" VALUES(6,'5','5','5','5','5','5','5','5','Activo','equipos/equipo_default.jpg','2022-11-19');
INSERT INTO "activos_activoequipooficina" VALUES(7,'6','6','6','6','6','6','6','6','Activo','equipos/equipo_default.jpg','2022-11-19');
INSERT INTO "activos_activoequipooficina" VALUES(8,'8','8','8','8','8','8','8','8','Activo','equipos/equipo_default.jpg','2022-11-19');
INSERT INTO "activos_activoequipooficina" VALUES(9,'8','8','8','8','8','8','8','8','Activo','equipos/equipo_default.jpg','2022-11-19');
INSERT INTO "activos_activoequipooficina" VALUES(10,'987456321','9','9','9','9','9','9','','Activo','equipos/equipo_default.jpg','2022-11-19');
INSERT INTO "activos_activoequipooficina" VALUES(11,'9','9','9','9','9','9','9','9','Activo','equipos/equipo_default.jpg','2022-11-19');
INSERT INTO "activos_activoequipooficina" VALUES(12,'PRUBA BLANCO','PRUBA BLANCO','PRUBA BLANCO','','','','PRUBA BLANCO','','Activo','equipos/equipo_default.jpg','2022-11-19');
INSERT INTO "activos_activoequipooficina" VALUES(13,'159asd565478','Acer','Gris','Windows 10','4','256 GB','Oficina 202','Teclado Inalámbrico (Genius), Mouse Inalámbrico (Genius), cargador original.','Activo','equipos/Acer_aspire.jpg','2022-11-25');
INSERT INTO "activos_activoequipooficina" VALUES(14,'753214gas55','Asus','Gris','Windows 11','8 Ram','500 Gb Mecánico','Oficina 003','Teclado y mouse inalámbrico, marca (genios)','Activo','equipos/Acer_aspire_s1P6KrQ.jpg','2022-11-25');
CREATE UNIQUE INDEX "auth_group_permissions_group_id_permission_id_0cd325b0_uniq" ON "auth_group_permissions" ("group_id", "permission_id");
CREATE INDEX IF NOT EXISTS "auth_group_permissions_group_id_b120cbf9" ON "auth_group_permissions" ("group_id");
CREATE INDEX IF NOT EXISTS "auth_group_permissions_permission_id_84c5c92e" ON "auth_group_permissions" ("permission_id");
CREATE UNIQUE INDEX "auth_user_groups_user_id_group_id_94350c0c_uniq" ON "auth_user_groups" ("user_id", "group_id");
CREATE INDEX IF NOT EXISTS "auth_user_groups_user_id_6a12ed8b" ON "auth_user_groups" ("user_id");
CREATE INDEX IF NOT EXISTS "auth_user_groups_group_id_97559544" ON "auth_user_groups" ("group_id");
CREATE UNIQUE INDEX "auth_user_user_permissions_user_id_permission_id_14a6b632_uniq" ON "auth_user_user_permissions" ("user_id", "permission_id");
CREATE INDEX IF NOT EXISTS "auth_user_user_permissions_user_id_a95ead1b" ON "auth_user_user_permissions" ("user_id");
CREATE INDEX IF NOT EXISTS "auth_user_user_permissions_permission_id_1fbb5f2c" ON "auth_user_user_permissions" ("permission_id");
CREATE INDEX IF NOT EXISTS "django_admin_log_content_type_id_c4bce8eb" ON "django_admin_log" ("content_type_id");
CREATE INDEX IF NOT EXISTS "django_admin_log_user_id_c564eba6" ON "django_admin_log" ("user_id");
CREATE UNIQUE INDEX "django_content_type_app_label_model_76bd3d3b_uniq" ON "django_content_type" ("app_label", "model");
CREATE UNIQUE INDEX "auth_permission_content_type_id_codename_01ab375a_uniq" ON "auth_permission" ("content_type_id", "codename");
CREATE INDEX IF NOT EXISTS "auth_permission_content_type_id_2f476e4b" ON "auth_permission" ("content_type_id");
CREATE INDEX IF NOT EXISTS "django_session_expire_date_a5c62663" ON "django_session" ("expire_date");
CREATE INDEX IF NOT EXISTS "gestionActivos_detalleruta_fkPasajero_id_b7d73b7c" ON "gestionActivos_detalleruta" ("fkPasajero_id");
CREATE INDEX IF NOT EXISTS "gestionActivos_detalleruta_fkRuta_id_aeca3db9" ON "gestionActivos_detalleruta" ("fkRuta_id");
CREATE INDEX IF NOT EXISTS "gestionActivos_mantenimientovehiculo_fkRegistrarMantenimiento_id_49d0da75" ON "gestionActivos_mantenimientovehiculo" ("fkRegistrarMantenimiento_id");
CREATE INDEX IF NOT EXISTS "gestionActivos_mantenimientovehiculo_fkVehiculo_id_80566643" ON "gestionActivos_mantenimientovehiculo" ("fkVehiculo_id");
CREATE INDEX IF NOT EXISTS "gestionActivos_mantenimientoequipo_fkRegistrarMantenimiento_id_cc3a4d79" ON "gestionActivos_mantenimientoequipo" ("fkRegistrarMantenimiento_id");
CREATE INDEX IF NOT EXISTS "gestionActivos_mantenimientoequipo_fkEquipoOficina_id_c63a1422" ON "gestionActivos_mantenimientoequipo" ("fkEquipoOficina_id");
CREATE INDEX IF NOT EXISTS "gestionActivos_mantenimientoextintor_fkRegistrarMantenimiento_id_24f71c56" ON "gestionActivos_mantenimientoextintor" ("fkRegistrarMantenimiento_id");
CREATE INDEX IF NOT EXISTS "gestionActivos_mantenimientoextintor_fkExtintor_id_1e0e1cf4" ON "gestionActivos_mantenimientoextintor" ("fkExtintor_id");
CREATE INDEX IF NOT EXISTS "usuarios_usuario_user_id_27bf56db" ON "usuarios_usuario" ("user_id");
CREATE INDEX IF NOT EXISTS "gestionActivos_generarruta_fkUsuario_id_22295747" ON "gestionActivos_generarruta" ("fkUsuario_id");
CREATE INDEX IF NOT EXISTS "gestionActivos_generarruta_fkVehiculo_id_b1a22096" ON "gestionActivos_generarruta" ("fkVehiculo_id");
CREATE INDEX IF NOT EXISTS "gestionActivos_alarmas_fkEquipoOficina_id_be2e1cff" ON "gestionActivos_alarmas" ("fkEquipoOficina_id");
CREATE INDEX IF NOT EXISTS "gestionActivos_alarmas_fkExtintor_id_64f5be6a" ON "gestionActivos_alarmas" ("fkExtintor_id");
CREATE INDEX IF NOT EXISTS "gestionActivos_alarmas_fkVehiculo_id_d2fec6c8" ON "gestionActivos_alarmas" ("fkVehiculo_id");
CREATE TABLE IF NOT EXISTS "activos_activoextintor" ("id" integer NOT NULL PRIMARY KEY AUTOINCREMENT, "serialExtintor" varchar(50) NOT NULL, "colorExtintor" varchar(20) NOT NULL, "ubicacionExtintor" varchar(50) NOT NULL, "tipoExtintor" varchar(5) NOT NULL, "pesoExtintor" varchar(3) NOT NULL, "estadoExtintor" varchar(10) NOT NULL, "fotoExtintor" varchar(100) NOT NULL, "fechaUltimaRecarga" date NOT NULL, "fechaIngresoExtintor" date NOT NULL);
INSERT INTO "activos_activoextintor" VALUES(2,'55555555','Gris','Garaje 1','B','30','Activo','extintores/extintor-de-agua_TlHbGaZ.png','2022-11-16','2022-11-19');
INSERT INTO "activos_activoextintor" VALUES(3,'123456789','Verde','Garaje','A','25','Activo','extintores/extintores_default.jpg','2022-11-16','2022-11-19');
INSERT INTO "activos_activoextintor" VALUES(4,'123456789','Rojo','Garaje','A','25','Activo','extintores/extintores_default.jpg','2022-11-16','2022-11-19');
INSERT INTO "activos_activoextintor" VALUES(5,'123456789','Rojo','Garaje','A','25','Activo','extintores/extintores_default.jpg','2022-11-16','2022-11-19');
INSERT INTO "activos_activoextintor" VALUES(6,'123456789','Rojo','Garaje','A','25','Activo','extintores/extintores_default.jpg','2022-11-16','2022-11-19');
INSERT INTO "activos_activoextintor" VALUES(7,'asfasdf','asdf','asdf','B','asdf','Activo','extintores/extintores_default.jpg','2022-11-16','2022-11-19');
INSERT INTO "activos_activoextintor" VALUES(8,'999','Azul','Gar','D','30','Activo','extintores/extintores_default.jpg','2022-11-16','2022-11-19');
INSERT INTO "activos_activoextintor" VALUES(9,'999','Azul','Gar','D','50','Activo','extintores/extintores_default.jpg','2022-11-16','2022-11-19');
INSERT INTO "activos_activoextintor" VALUES(10,'88888','Blanco','Oficina 001','C','60','Activo','extintores/extintores_default.jpg','2022-11-08','2022-11-19');
INSERT INTO "activos_activoextintor" VALUES(11,'888','Blanco','Oficina 001','C','60','Activo','extintores/extintores_default.jpg','2022-11-16','2022-11-19');
INSERT INTO "activos_activoextintor" VALUES(12,'888','Blanco','Oficina 001','C','70','Activo','extintores/extintores_default.jpg','2022-11-16','2022-11-19');
INSERT INTO "activos_activoextintor" VALUES(13,'888','Blanco','Oficina 001','D','70','Activo','extintores/extintores_default.jpg','2022-11-16','2022-11-19');
INSERT INTO "activos_activoextintor" VALUES(14,'888','Blanco','Oficina 001','D','70','Activo','extintores/extintores_default.jpg','2022-11-16','2022-11-19');
INSERT INTO "activos_activoextintor" VALUES(15,'888','Blanco','Gar','D','70','Activo','extintores/extintores_default.jpg','2022-11-16','2022-11-19');
INSERT INTO "activos_activoextintor" VALUES(16,'999','999','999','D','999','Activo','extintores/extintores_default.jpg','2022-11-16','2022-11-19');
INSERT INTO "activos_activoextintor" VALUES(17,'88888','Rojo','Gerencia','A','15','Activo','extintores/extintores_default.jpg','2022-11-16','2022-11-19');
INSERT INTO "activos_activoextintor" VALUES(18,'999','Azul','Gar','A','70','Activo','extintores/extintores_default.jpg','2022-11-16','2022-11-19');
INSERT INTO "activos_activoextintor" VALUES(19,'999','Blanco','Gar','A','60','Activo','extintores/extintores_default.jpg','2022-11-18','2022-11-19');
INSERT INTO "activos_activoextintor" VALUES(20,'asdfasdf','asdfas asdf','1','A','30','Activo','extintores/extintores_default.jpg','2022-11-18','2022-11-19');
INSERT INTO "activos_activoextintor" VALUES(21,'1115533xxx455','asdf asdfa asdf','Gar','A','asdf','Activo','extintores/extintores_default.jpg','2022-11-18','2022-11-19');
INSERT INTO "activos_activoextintor" VALUES(22,'asdfasd','asdfasd  asdfasd','Gar','A','30','Activo','extintores/extintores_default.jpg','2022-11-25','2022-11-19');
INSERT INTO "activos_activoextintor" VALUES(23,'asdfasd','asdfasd  asdfasd','Gar','A','30','Activo','extintores/extintores_default.jpg','2022-11-25','2022-11-19');
INSERT INTO "activos_activoextintor" VALUES(24,'PRUEBA ESPACIO EN BLANCO','PRUEBA ESPACIO EN BL','PRUEBA ESPACIO EN BLANCO','A','111','Activo','extintores/extintores_default.jpg','2022-11-18','2022-11-19');
INSERT INTO "activos_activoextintor" VALUES(25,'PRUBA BLANCO','PRUBA BLANCO','PRUBA BLANCO','A','111','Activo','extintores/extintores_default.jpg','2022-11-23','2022-11-19');
INSERT INTO "activos_activoextintor" VALUES(26,'789456123','Gris','Oficina 201','A','10','Activo','extintores/extintor-de-agua.png','2022-10-03','2022-11-25');
INSERT INTO "activos_activoextintor" VALUES(27,'asd6546asdf','Rojo','Gerencia','A','20','Activo','extintores/extintor-de-agua_gVTxyKv.png','2022-09-01','2022-11-25');
CREATE UNIQUE INDEX "auth_group_permissions_group_id_permission_id_0cd325b0_uniq" ON "auth_group_permissions" ("group_id", "permission_id");
CREATE INDEX IF NOT EXISTS "auth_group_permissions_group_id_b120cbf9" ON "auth_group_permissions" ("group_id");
CREATE INDEX IF NOT EXISTS "auth_group_permissions_permission_id_84c5c92e" ON "auth_group_permissions" ("permission_id");
CREATE UNIQUE INDEX "auth_user_groups_user_id_group_id_94350c0c_uniq" ON "auth_user_groups" ("user_id", "group_id");
CREATE INDEX IF NOT EXISTS "auth_user_groups_user_id_6a12ed8b" ON "auth_user_groups" ("user_id");
CREATE INDEX IF NOT EXISTS "auth_user_groups_group_id_97559544" ON "auth_user_groups" ("group_id");
CREATE UNIQUE INDEX "auth_user_user_permissions_user_id_permission_id_14a6b632_uniq" ON "auth_user_user_permissions" ("user_id", "permission_id");
CREATE INDEX IF NOT EXISTS "auth_user_user_permissions_user_id_a95ead1b" ON "auth_user_user_permissions" ("user_id");
CREATE INDEX IF NOT EXISTS "auth_user_user_permissions_permission_id_1fbb5f2c" ON "auth_user_user_permissions" ("permission_id");
CREATE INDEX IF NOT EXISTS "django_admin_log_content_type_id_c4bce8eb" ON "django_admin_log" ("content_type_id");
CREATE INDEX IF NOT EXISTS "django_admin_log_user_id_c564eba6" ON "django_admin_log" ("user_id");
CREATE UNIQUE INDEX "django_content_type_app_label_model_76bd3d3b_uniq" ON "django_content_type" ("app_label", "model");
CREATE UNIQUE INDEX "auth_permission_content_type_id_codename_01ab375a_uniq" ON "auth_permission" ("content_type_id", "codename");
CREATE INDEX IF NOT EXISTS "auth_permission_content_type_id_2f476e4b" ON "auth_permission" ("content_type_id");
CREATE INDEX IF NOT EXISTS "django_session_expire_date_a5c62663" ON "django_session" ("expire_date");
CREATE INDEX IF NOT EXISTS "gestionActivos_detalleruta_fkPasajero_id_b7d73b7c" ON "gestionActivos_detalleruta" ("fkPasajero_id");
CREATE INDEX IF NOT EXISTS "gestionActivos_detalleruta_fkRuta_id_aeca3db9" ON "gestionActivos_detalleruta" ("fkRuta_id");
CREATE INDEX IF NOT EXISTS "gestionActivos_mantenimientovehiculo_fkRegistrarMantenimiento_id_49d0da75" ON "gestionActivos_mantenimientovehiculo" ("fkRegistrarMantenimiento_id");
CREATE INDEX IF NOT EXISTS "gestionActivos_mantenimientovehiculo_fkVehiculo_id_80566643" ON "gestionActivos_mantenimientovehiculo" ("fkVehiculo_id");
CREATE INDEX IF NOT EXISTS "gestionActivos_mantenimientoequipo_fkRegistrarMantenimiento_id_cc3a4d79" ON "gestionActivos_mantenimientoequipo" ("fkRegistrarMantenimiento_id");
CREATE INDEX IF NOT EXISTS "gestionActivos_mantenimientoequipo_fkEquipoOficina_id_c63a1422" ON "gestionActivos_mantenimientoequipo" ("fkEquipoOficina_id");
CREATE INDEX IF NOT EXISTS "gestionActivos_mantenimientoextintor_fkRegistrarMantenimiento_id_24f71c56" ON "gestionActivos_mantenimientoextintor" ("fkRegistrarMantenimiento_id");
CREATE INDEX IF NOT EXISTS "gestionActivos_mantenimientoextintor_fkExtintor_id_1e0e1cf4" ON "gestionActivos_mantenimientoextintor" ("fkExtintor_id");
CREATE INDEX IF NOT EXISTS "usuarios_usuario_user_id_27bf56db" ON "usuarios_usuario" ("user_id");
CREATE INDEX IF NOT EXISTS "gestionActivos_generarruta_fkUsuario_id_22295747" ON "gestionActivos_generarruta" ("fkUsuario_id");
CREATE INDEX IF NOT EXISTS "gestionActivos_generarruta_fkVehiculo_id_b1a22096" ON "gestionActivos_generarruta" ("fkVehiculo_id");
CREATE INDEX IF NOT EXISTS "gestionActivos_alarmas_fkEquipoOficina_id_be2e1cff" ON "gestionActivos_alarmas" ("fkEquipoOficina_id");
CREATE INDEX IF NOT EXISTS "gestionActivos_alarmas_fkExtintor_id_64f5be6a" ON "gestionActivos_alarmas" ("fkExtintor_id");
CREATE INDEX IF NOT EXISTS "gestionActivos_alarmas_fkVehiculo_id_d2fec6c8" ON "gestionActivos_alarmas" ("fkVehiculo_id");
CREATE TABLE IF NOT EXISTS "activos_activovehiculo" ("id" integer NOT NULL PRIMARY KEY AUTOINCREMENT, "marcaVehiculo" varchar(20) NOT NULL, "modeloVehiculo" varchar(10) NOT NULL, "placaVehiculo" varchar(10) NOT NULL UNIQUE, "colorVehiculo" varchar(20) NOT NULL, "tipoCombustible" varchar(20) NOT NULL, "cantidadPasajeros" varchar(5) NOT NULL, "personaEncargadaVehiculo" varchar(50) NOT NULL, "estadoVehiculo" varchar(10) NOT NULL, "fechaIngresoVehiculo" date NOT NULL, "fechaInicioSoat" date NOT NULL, "fechaFinSoat" date NOT NULL, "fechaInicioTecnicomecanica" date NOT NULL, "fechaVencimientoTecnicomecanica" date NOT NULL, "condicionVehiculo" varchar(10) NOT NULL, "fotoVehiculo" varchar(100) NOT NULL, "serialVehiculo" varchar(50) NOT NULL UNIQUE);
INSERT INTO "activos_activovehiculo" VALUES(4,'Toyota','2022','XDF-654','Negro','Gasolina','4','Jonny Canabal','Activo','2022-10-25','2022-10-18','2023-10-18','2022-10-18','2023-10-18','Nuevo','vehiculos/maxresdefault_a8Iegip.jpg','77799999');
INSERT INTO "activos_activovehiculo" VALUES(5,'Mazda','2021','ASD-123','Blanco','Diesel','4','Jose Molina','Activo','2022-10-26','2022-10-05','2023-10-05','2022-10-05','2023-10-05','Nuevo','vehiculos/vehiculo_default.jpg','753159d85');
INSERT INTO "activos_activovehiculo" VALUES(6,'Chevrolet','2022','MVM-159','Blanco','Diesel','4','Jose Molina','Activo','2022-10-30','2022-09-01','2023-09-01','2022-09-01','2023-09-01','Usado','vehiculos/Chevrolet_Tahoe.jpg','7536987xdf25');
INSERT INTO "activos_activovehiculo" VALUES(7,'PRUEBA BLANCO VEHICU','PRUEBA BLA','PRUEBA BLA','PRUEBA BLANCO VEHICU','PRUEBA BLANCO VEHICU','PRUEB','PRUEBA BLANCO VEHICU','Activo','2022-11-19','2022-11-19','2023-11-18','2022-11-19','2023-11-18','Nuevo','vehiculos/vehiculo_default.jpg','PRUEBA BLANCO VEHICU');
INSERT INTO "activos_activovehiculo" VALUES(8,'PRUEBA 2','PRUEBA 2','PRUEBA 2','PRUEBA 2','PRUEBA 2','PRUEB','PRUEBA 2','Activo','2022-11-21','2022-11-21','2022-11-21','2022-11-21','2022-11-21','Nuevo','vehiculos/vehiculo_default.jpg','PRUEBA 2');
INSERT INTO "activos_activovehiculo" VALUES(9,'PRUEBA 3','PRUEBA 3','PRUEBA 3','PRUEBA 3','PRUEBA 3','5','PRUEBA 3','Activo','2022-11-21','2022-11-21','2022-11-21','2022-11-21','2022-11-21','Nuevo','vehiculos/vehiculo_default.jpg','PRUEBA 3');
INSERT INTO "activos_activovehiculo" VALUES(10,'Hyundai','2022','DFT-564','Negro','Gasolina','4','Silverio Pedroza','Activo','2022-09-12','2022-09-01','2023-09-01','2022-09-01','2023-09-01','Usado','vehiculos/Hyundai.png','15987532dsa15');
INSERT INTO "activos_activovehiculo" VALUES(11,'Hyundai','2022','YHJ-159','Negro','Gasolina','3','José Molina','Activo','2022-11-26','2022-10-03','2023-10-03','2022-10-03','2023-10-03','Usado','vehiculos/Hyundai_JKlel8W.png','1567432asdf321');
INSERT INTO "activos_activovehiculo" VALUES(12,'Hyundai','2022','ASD-369','Negro','Gasolina','4','Jose Molina','Activo','2022-11-26','2022-11-26','2022-11-26','2022-11-26','2022-11-26','Usado','vehiculos/Hyundai_oxyG3Yn.png','1651asdf2551');
CREATE UNIQUE INDEX "auth_group_permissions_group_id_permission_id_0cd325b0_uniq" ON "auth_group_permissions" ("group_id", "permission_id");
CREATE INDEX IF NOT EXISTS "auth_group_permissions_group_id_b120cbf9" ON "auth_group_permissions" ("group_id");
CREATE INDEX IF NOT EXISTS "auth_group_permissions_permission_id_84c5c92e" ON "auth_group_permissions" ("permission_id");
CREATE UNIQUE INDEX "auth_user_groups_user_id_group_id_94350c0c_uniq" ON "auth_user_groups" ("user_id", "group_id");
CREATE INDEX IF NOT EXISTS "auth_user_groups_user_id_6a12ed8b" ON "auth_user_groups" ("user_id");
CREATE INDEX IF NOT EXISTS "auth_user_groups_group_id_97559544" ON "auth_user_groups" ("group_id");
CREATE UNIQUE INDEX "auth_user_user_permissions_user_id_permission_id_14a6b632_uniq" ON "auth_user_user_permissions" ("user_id", "permission_id");
CREATE INDEX IF NOT EXISTS "auth_user_user_permissions_user_id_a95ead1b" ON "auth_user_user_permissions" ("user_id");
CREATE INDEX IF NOT EXISTS "auth_user_user_permissions_permission_id_1fbb5f2c" ON "auth_user_user_permissions" ("permission_id");
CREATE INDEX IF NOT EXISTS "django_admin_log_content_type_id_c4bce8eb" ON "django_admin_log" ("content_type_id");
CREATE INDEX IF NOT EXISTS "django_admin_log_user_id_c564eba6" ON "django_admin_log" ("user_id");
CREATE UNIQUE INDEX "django_content_type_app_label_model_76bd3d3b_uniq" ON "django_content_type" ("app_label", "model");
CREATE UNIQUE INDEX "auth_permission_content_type_id_codename_01ab375a_uniq" ON "auth_permission" ("content_type_id", "codename");
CREATE INDEX IF NOT EXISTS "auth_permission_content_type_id_2f476e4b" ON "auth_permission" ("content_type_id");
CREATE INDEX IF NOT EXISTS "django_session_expire_date_a5c62663" ON "django_session" ("expire_date");
CREATE INDEX IF NOT EXISTS "gestionActivos_detalleruta_fkPasajero_id_b7d73b7c" ON "gestionActivos_detalleruta" ("fkPasajero_id");
CREATE INDEX IF NOT EXISTS "gestionActivos_detalleruta_fkRuta_id_aeca3db9" ON "gestionActivos_detalleruta" ("fkRuta_id");
CREATE INDEX IF NOT EXISTS "gestionActivos_mantenimientovehiculo_fkRegistrarMantenimiento_id_49d0da75" ON "gestionActivos_mantenimientovehiculo" ("fkRegistrarMantenimiento_id");
CREATE INDEX IF NOT EXISTS "gestionActivos_mantenimientovehiculo_fkVehiculo_id_80566643" ON "gestionActivos_mantenimientovehiculo" ("fkVehiculo_id");
CREATE INDEX IF NOT EXISTS "gestionActivos_mantenimientoequipo_fkRegistrarMantenimiento_id_cc3a4d79" ON "gestionActivos_mantenimientoequipo" ("fkRegistrarMantenimiento_id");
CREATE INDEX IF NOT EXISTS "gestionActivos_mantenimientoequipo_fkEquipoOficina_id_c63a1422" ON "gestionActivos_mantenimientoequipo" ("fkEquipoOficina_id");
CREATE INDEX IF NOT EXISTS "gestionActivos_mantenimientoextintor_fkRegistrarMantenimiento_id_24f71c56" ON "gestionActivos_mantenimientoextintor" ("fkRegistrarMantenimiento_id");
CREATE INDEX IF NOT EXISTS "gestionActivos_mantenimientoextintor_fkExtintor_id_1e0e1cf4" ON "gestionActivos_mantenimientoextintor" ("fkExtintor_id");
CREATE INDEX IF NOT EXISTS "usuarios_usuario_user_id_27bf56db" ON "usuarios_usuario" ("user_id");
CREATE INDEX IF NOT EXISTS "gestionActivos_generarruta_fkUsuario_id_22295747" ON "gestionActivos_generarruta" ("fkUsuario_id");
CREATE INDEX IF NOT EXISTS "gestionActivos_generarruta_fkVehiculo_id_b1a22096" ON "gestionActivos_generarruta" ("fkVehiculo_id");
CREATE INDEX IF NOT EXISTS "gestionActivos_alarmas_fkEquipoOficina_id_be2e1cff" ON "gestionActivos_alarmas" ("fkEquipoOficina_id");
CREATE INDEX IF NOT EXISTS "gestionActivos_alarmas_fkExtintor_id_64f5be6a" ON "gestionActivos_alarmas" ("fkExtintor_id");
CREATE INDEX IF NOT EXISTS "gestionActivos_alarmas_fkVehiculo_id_d2fec6c8" ON "gestionActivos_alarmas" ("fkVehiculo_id");
CREATE TABLE IF NOT EXISTS "auth_group" ("id" integer NOT NULL PRIMARY KEY AUTOINCREMENT, "name" varchar(150) NOT NULL UNIQUE);
INSERT INTO "auth_group" VALUES(1,'Conductor');
INSERT INTO "auth_group" VALUES(2,'Funcionario');
INSERT INTO "auth_group" VALUES(3,'Administrador');
CREATE UNIQUE INDEX "auth_group_permissions_group_id_permission_id_0cd325b0_uniq" ON "auth_group_permissions" ("group_id", "permission_id");
CREATE INDEX IF NOT EXISTS "auth_group_permissions_group_id_b120cbf9" ON "auth_group_permissions" ("group_id");
CREATE INDEX IF NOT EXISTS "auth_group_permissions_permission_id_84c5c92e" ON "auth_group_permissions" ("permission_id");
CREATE UNIQUE INDEX "auth_user_groups_user_id_group_id_94350c0c_uniq" ON "auth_user_groups" ("user_id", "group_id");
CREATE INDEX IF NOT EXISTS "auth_user_groups_user_id_6a12ed8b" ON "auth_user_groups" ("user_id");
CREATE INDEX IF NOT EXISTS "auth_user_groups_group_id_97559544" ON "auth_user_groups" ("group_id");
CREATE UNIQUE INDEX "auth_user_user_permissions_user_id_permission_id_14a6b632_uniq" ON "auth_user_user_permissions" ("user_id", "permission_id");
CREATE INDEX IF NOT EXISTS "auth_user_user_permissions_user_id_a95ead1b" ON "auth_user_user_permissions" ("user_id");
CREATE INDEX IF NOT EXISTS "auth_user_user_permissions_permission_id_1fbb5f2c" ON "auth_user_user_permissions" ("permission_id");
CREATE INDEX IF NOT EXISTS "django_admin_log_content_type_id_c4bce8eb" ON "django_admin_log" ("content_type_id");
CREATE INDEX IF NOT EXISTS "django_admin_log_user_id_c564eba6" ON "django_admin_log" ("user_id");
CREATE UNIQUE INDEX "django_content_type_app_label_model_76bd3d3b_uniq" ON "django_content_type" ("app_label", "model");
CREATE UNIQUE INDEX "auth_permission_content_type_id_codename_01ab375a_uniq" ON "auth_permission" ("content_type_id", "codename");
CREATE INDEX IF NOT EXISTS "auth_permission_content_type_id_2f476e4b" ON "auth_permission" ("content_type_id");
CREATE INDEX IF NOT EXISTS "django_session_expire_date_a5c62663" ON "django_session" ("expire_date");
CREATE INDEX IF NOT EXISTS "gestionActivos_detalleruta_fkPasajero_id_b7d73b7c" ON "gestionActivos_detalleruta" ("fkPasajero_id");
CREATE INDEX IF NOT EXISTS "gestionActivos_detalleruta_fkRuta_id_aeca3db9" ON "gestionActivos_detalleruta" ("fkRuta_id");
CREATE INDEX IF NOT EXISTS "gestionActivos_mantenimientovehiculo_fkRegistrarMantenimiento_id_49d0da75" ON "gestionActivos_mantenimientovehiculo" ("fkRegistrarMantenimiento_id");
CREATE INDEX IF NOT EXISTS "gestionActivos_mantenimientovehiculo_fkVehiculo_id_80566643" ON "gestionActivos_mantenimientovehiculo" ("fkVehiculo_id");
CREATE INDEX IF NOT EXISTS "gestionActivos_mantenimientoequipo_fkRegistrarMantenimiento_id_cc3a4d79" ON "gestionActivos_mantenimientoequipo" ("fkRegistrarMantenimiento_id");
CREATE INDEX IF NOT EXISTS "gestionActivos_mantenimientoequipo_fkEquipoOficina_id_c63a1422" ON "gestionActivos_mantenimientoequipo" ("fkEquipoOficina_id");
CREATE INDEX IF NOT EXISTS "gestionActivos_mantenimientoextintor_fkRegistrarMantenimiento_id_24f71c56" ON "gestionActivos_mantenimientoextintor" ("fkRegistrarMantenimiento_id");
CREATE INDEX IF NOT EXISTS "gestionActivos_mantenimientoextintor_fkExtintor_id_1e0e1cf4" ON "gestionActivos_mantenimientoextintor" ("fkExtintor_id");
CREATE INDEX IF NOT EXISTS "usuarios_usuario_user_id_27bf56db" ON "usuarios_usuario" ("user_id");
CREATE INDEX IF NOT EXISTS "gestionActivos_generarruta_fkUsuario_id_22295747" ON "gestionActivos_generarruta" ("fkUsuario_id");
CREATE INDEX IF NOT EXISTS "gestionActivos_generarruta_fkVehiculo_id_b1a22096" ON "gestionActivos_generarruta" ("fkVehiculo_id");
CREATE INDEX IF NOT EXISTS "gestionActivos_alarmas_fkEquipoOficina_id_be2e1cff" ON "gestionActivos_alarmas" ("fkEquipoOficina_id");
CREATE INDEX IF NOT EXISTS "gestionActivos_alarmas_fkExtintor_id_64f5be6a" ON "gestionActivos_alarmas" ("fkExtintor_id");
CREATE INDEX IF NOT EXISTS "gestionActivos_alarmas_fkVehiculo_id_d2fec6c8" ON "gestionActivos_alarmas" ("fkVehiculo_id");
CREATE TABLE IF NOT EXISTS "auth_group_permissions" ("id" integer NOT NULL PRIMARY KEY AUTOINCREMENT, "group_id" integer NOT NULL REFERENCES "auth_group" ("id") DEFERRABLE INITIALLY DEFERRED, "permission_id" integer NOT NULL REFERENCES "auth_permission" ("id") DEFERRABLE INITIALLY DEFERRED);
INSERT INTO "auth_group_permissions" VALUES(1,1,29);
INSERT INTO "auth_group_permissions" VALUES(2,1,30);
INSERT INTO "auth_group_permissions" VALUES(3,1,32);
INSERT INTO "auth_group_permissions" VALUES(4,1,33);
INSERT INTO "auth_group_permissions" VALUES(5,1,34);
INSERT INTO "auth_group_permissions" VALUES(6,1,36);
INSERT INTO "auth_group_permissions" VALUES(7,1,45);
INSERT INTO "auth_group_permissions" VALUES(8,1,46);
INSERT INTO "auth_group_permissions" VALUES(9,1,48);
INSERT INTO "auth_group_permissions" VALUES(10,1,49);
INSERT INTO "auth_group_permissions" VALUES(11,1,50);
INSERT INTO "auth_group_permissions" VALUES(12,1,52);
INSERT INTO "auth_group_permissions" VALUES(13,1,53);
INSERT INTO "auth_group_permissions" VALUES(14,1,54);
INSERT INTO "auth_group_permissions" VALUES(16,1,61);
INSERT INTO "auth_group_permissions" VALUES(17,1,62);
INSERT INTO "auth_group_permissions" VALUES(18,1,63);
INSERT INTO "auth_group_permissions" VALUES(19,1,64);
INSERT INTO "auth_group_permissions" VALUES(20,1,65);
INSERT INTO "auth_group_permissions" VALUES(21,1,66);
INSERT INTO "auth_group_permissions" VALUES(22,1,68);
INSERT INTO "auth_group_permissions" VALUES(23,1,69);
INSERT INTO "auth_group_permissions" VALUES(24,1,70);
INSERT INTO "auth_group_permissions" VALUES(25,1,72);
INSERT INTO "auth_group_permissions" VALUES(26,1,56);
INSERT INTO "auth_group_permissions" VALUES(27,2,25);
INSERT INTO "auth_group_permissions" VALUES(28,2,26);
INSERT INTO "auth_group_permissions" VALUES(29,2,28);
INSERT INTO "auth_group_permissions" VALUES(30,2,33);
INSERT INTO "auth_group_permissions" VALUES(31,2,34);
INSERT INTO "auth_group_permissions" VALUES(32,2,36);
INSERT INTO "auth_group_permissions" VALUES(33,2,37);
INSERT INTO "auth_group_permissions" VALUES(34,2,38);
INSERT INTO "auth_group_permissions" VALUES(35,2,40);
INSERT INTO "auth_group_permissions" VALUES(36,2,41);
INSERT INTO "auth_group_permissions" VALUES(37,2,42);
INSERT INTO "auth_group_permissions" VALUES(38,2,44);
INSERT INTO "auth_group_permissions" VALUES(39,2,45);
INSERT INTO "auth_group_permissions" VALUES(40,2,46);
INSERT INTO "auth_group_permissions" VALUES(41,2,48);
INSERT INTO "auth_group_permissions" VALUES(42,2,49);
INSERT INTO "auth_group_permissions" VALUES(43,2,50);
INSERT INTO "auth_group_permissions" VALUES(44,2,52);
INSERT INTO "auth_group_permissions" VALUES(45,2,73);
INSERT INTO "auth_group_permissions" VALUES(46,2,74);
INSERT INTO "auth_group_permissions" VALUES(47,2,76);
INSERT INTO "auth_group_permissions" VALUES(48,2,77);
INSERT INTO "auth_group_permissions" VALUES(49,2,78);
INSERT INTO "auth_group_permissions" VALUES(50,2,80);
INSERT INTO "auth_group_permissions" VALUES(51,3,1);
INSERT INTO "auth_group_permissions" VALUES(52,3,2);
INSERT INTO "auth_group_permissions" VALUES(53,3,3);
INSERT INTO "auth_group_permissions" VALUES(54,3,4);
INSERT INTO "auth_group_permissions" VALUES(55,3,5);
INSERT INTO "auth_group_permissions" VALUES(56,3,6);
INSERT INTO "auth_group_permissions" VALUES(57,3,7);
INSERT INTO "auth_group_permissions" VALUES(58,3,8);
INSERT INTO "auth_group_permissions" VALUES(59,3,9);
INSERT INTO "auth_group_permissions" VALUES(60,3,10);
INSERT INTO "auth_group_permissions" VALUES(61,3,11);
INSERT INTO "auth_group_permissions" VALUES(62,3,12);
INSERT INTO "auth_group_permissions" VALUES(63,3,13);
INSERT INTO "auth_group_permissions" VALUES(64,3,14);
INSERT INTO "auth_group_permissions" VALUES(65,3,15);
INSERT INTO "auth_group_permissions" VALUES(66,3,16);
INSERT INTO "auth_group_permissions" VALUES(67,3,17);
INSERT INTO "auth_group_permissions" VALUES(68,3,18);
INSERT INTO "auth_group_permissions" VALUES(69,3,19);
INSERT INTO "auth_group_permissions" VALUES(70,3,20);
INSERT INTO "auth_group_permissions" VALUES(71,3,21);
INSERT INTO "auth_group_permissions" VALUES(72,3,22);
INSERT INTO "auth_group_permissions" VALUES(73,3,23);
INSERT INTO "auth_group_permissions" VALUES(74,3,24);
INSERT INTO "auth_group_permissions" VALUES(75,3,25);
INSERT INTO "auth_group_permissions" VALUES(76,3,26);
INSERT INTO "auth_group_permissions" VALUES(77,3,27);
INSERT INTO "auth_group_permissions" VALUES(78,3,28);
INSERT INTO "auth_group_permissions" VALUES(79,3,29);
INSERT INTO "auth_group_permissions" VALUES(80,3,30);
INSERT INTO "auth_group_permissions" VALUES(81,3,31);
INSERT INTO "auth_group_permissions" VALUES(82,3,32);
INSERT INTO "auth_group_permissions" VALUES(83,3,33);
INSERT INTO "auth_group_permissions" VALUES(84,3,34);
INSERT INTO "auth_group_permissions" VALUES(85,3,35);
INSERT INTO "auth_group_permissions" VALUES(86,3,36);
INSERT INTO "auth_group_permissions" VALUES(87,3,37);
INSERT INTO "auth_group_permissions" VALUES(88,3,38);
INSERT INTO "auth_group_permissions" VALUES(89,3,39);
INSERT INTO "auth_group_permissions" VALUES(90,3,40);
INSERT INTO "auth_group_permissions" VALUES(91,3,41);
INSERT INTO "auth_group_permissions" VALUES(92,3,42);
INSERT INTO "auth_group_permissions" VALUES(93,3,43);
INSERT INTO "auth_group_permissions" VALUES(94,3,44);
INSERT INTO "auth_group_permissions" VALUES(95,3,45);
INSERT INTO "auth_group_permissions" VALUES(96,3,46);
INSERT INTO "auth_group_permissions" VALUES(97,3,47);
INSERT INTO "auth_group_permissions" VALUES(98,3,48);
INSERT INTO "auth_group_permissions" VALUES(99,3,49);
INSERT INTO "auth_group_permissions" VALUES(100,3,50);
INSERT INTO "auth_group_permissions" VALUES(101,3,51);
INSERT INTO "auth_group_permissions" VALUES(102,3,52);
INSERT INTO "auth_group_permissions" VALUES(103,3,53);
INSERT INTO "auth_group_permissions" VALUES(104,3,54);
INSERT INTO "auth_group_permissions" VALUES(105,3,55);
INSERT INTO "auth_group_permissions" VALUES(106,3,56);
INSERT INTO "auth_group_permissions" VALUES(107,3,57);
INSERT INTO "auth_group_permissions" VALUES(108,3,58);
INSERT INTO "auth_group_permissions" VALUES(109,3,59);
INSERT INTO "auth_group_permissions" VALUES(110,3,60);
INSERT INTO "auth_group_permissions" VALUES(111,3,61);
INSERT INTO "auth_group_permissions" VALUES(112,3,62);
INSERT INTO "auth_group_permissions" VALUES(113,3,63);
INSERT INTO "auth_group_permissions" VALUES(114,3,64);
INSERT INTO "auth_group_permissions" VALUES(115,3,65);
INSERT INTO "auth_group_permissions" VALUES(116,3,66);
INSERT INTO "auth_group_permissions" VALUES(117,3,67);
INSERT INTO "auth_group_permissions" VALUES(118,3,68);
INSERT INTO "auth_group_permissions" VALUES(119,3,69);
INSERT INTO "auth_group_permissions" VALUES(120,3,70);
INSERT INTO "auth_group_permissions" VALUES(121,3,71);
INSERT INTO "auth_group_permissions" VALUES(122,3,72);
INSERT INTO "auth_group_permissions" VALUES(123,3,73);
INSERT INTO "auth_group_permissions" VALUES(124,3,74);
INSERT INTO "auth_group_permissions" VALUES(125,3,75);
INSERT INTO "auth_group_permissions" VALUES(126,3,76);
INSERT INTO "auth_group_permissions" VALUES(127,3,77);
INSERT INTO "auth_group_permissions" VALUES(128,3,78);
INSERT INTO "auth_group_permissions" VALUES(129,3,79);
INSERT INTO "auth_group_permissions" VALUES(130,3,80);
INSERT INTO "auth_group_permissions" VALUES(132,2,68);
CREATE UNIQUE INDEX "auth_group_permissions_group_id_permission_id_0cd325b0_uniq" ON "auth_group_permissions" ("group_id", "permission_id");
CREATE INDEX IF NOT EXISTS "auth_group_permissions_group_id_b120cbf9" ON "auth_group_permissions" ("group_id");
CREATE INDEX IF NOT EXISTS "auth_group_permissions_permission_id_84c5c92e" ON "auth_group_permissions" ("permission_id");
CREATE UNIQUE INDEX "auth_user_groups_user_id_group_id_94350c0c_uniq" ON "auth_user_groups" ("user_id", "group_id");
CREATE INDEX IF NOT EXISTS "auth_user_groups_user_id_6a12ed8b" ON "auth_user_groups" ("user_id");
CREATE INDEX IF NOT EXISTS "auth_user_groups_group_id_97559544" ON "auth_user_groups" ("group_id");
CREATE UNIQUE INDEX "auth_user_user_permissions_user_id_permission_id_14a6b632_uniq" ON "auth_user_user_permissions" ("user_id", "permission_id");
CREATE INDEX IF NOT EXISTS "auth_user_user_permissions_user_id_a95ead1b" ON "auth_user_user_permissions" ("user_id");
CREATE INDEX IF NOT EXISTS "auth_user_user_permissions_permission_id_1fbb5f2c" ON "auth_user_user_permissions" ("permission_id");
CREATE INDEX IF NOT EXISTS "django_admin_log_content_type_id_c4bce8eb" ON "django_admin_log" ("content_type_id");
CREATE INDEX IF NOT EXISTS "django_admin_log_user_id_c564eba6" ON "django_admin_log" ("user_id");
CREATE UNIQUE INDEX "django_content_type_app_label_model_76bd3d3b_uniq" ON "django_content_type" ("app_label", "model");
CREATE UNIQUE INDEX "auth_permission_content_type_id_codename_01ab375a_uniq" ON "auth_permission" ("content_type_id", "codename");
CREATE INDEX IF NOT EXISTS "auth_permission_content_type_id_2f476e4b" ON "auth_permission" ("content_type_id");
CREATE INDEX IF NOT EXISTS "django_session_expire_date_a5c62663" ON "django_session" ("expire_date");
CREATE INDEX IF NOT EXISTS "gestionActivos_detalleruta_fkPasajero_id_b7d73b7c" ON "gestionActivos_detalleruta" ("fkPasajero_id");
CREATE INDEX IF NOT EXISTS "gestionActivos_detalleruta_fkRuta_id_aeca3db9" ON "gestionActivos_detalleruta" ("fkRuta_id");
CREATE INDEX IF NOT EXISTS "gestionActivos_mantenimientovehiculo_fkRegistrarMantenimiento_id_49d0da75" ON "gestionActivos_mantenimientovehiculo" ("fkRegistrarMantenimiento_id");
CREATE INDEX IF NOT EXISTS "gestionActivos_mantenimientovehiculo_fkVehiculo_id_80566643" ON "gestionActivos_mantenimientovehiculo" ("fkVehiculo_id");
CREATE INDEX IF NOT EXISTS "gestionActivos_mantenimientoequipo_fkRegistrarMantenimiento_id_cc3a4d79" ON "gestionActivos_mantenimientoequipo" ("fkRegistrarMantenimiento_id");
CREATE INDEX IF NOT EXISTS "gestionActivos_mantenimientoequipo_fkEquipoOficina_id_c63a1422" ON "gestionActivos_mantenimientoequipo" ("fkEquipoOficina_id");
CREATE INDEX IF NOT EXISTS "gestionActivos_mantenimientoextintor_fkRegistrarMantenimiento_id_24f71c56" ON "gestionActivos_mantenimientoextintor" ("fkRegistrarMantenimiento_id");
CREATE INDEX IF NOT EXISTS "gestionActivos_mantenimientoextintor_fkExtintor_id_1e0e1cf4" ON "gestionActivos_mantenimientoextintor" ("fkExtintor_id");
CREATE INDEX IF NOT EXISTS "usuarios_usuario_user_id_27bf56db" ON "usuarios_usuario" ("user_id");
CREATE INDEX IF NOT EXISTS "gestionActivos_generarruta_fkUsuario_id_22295747" ON "gestionActivos_generarruta" ("fkUsuario_id");
CREATE INDEX IF NOT EXISTS "gestionActivos_generarruta_fkVehiculo_id_b1a22096" ON "gestionActivos_generarruta" ("fkVehiculo_id");
CREATE INDEX IF NOT EXISTS "gestionActivos_alarmas_fkEquipoOficina_id_be2e1cff" ON "gestionActivos_alarmas" ("fkEquipoOficina_id");
CREATE INDEX IF NOT EXISTS "gestionActivos_alarmas_fkExtintor_id_64f5be6a" ON "gestionActivos_alarmas" ("fkExtintor_id");
CREATE INDEX IF NOT EXISTS "gestionActivos_alarmas_fkVehiculo_id_d2fec6c8" ON "gestionActivos_alarmas" ("fkVehiculo_id");
CREATE TABLE IF NOT EXISTS "auth_permission" ("id" integer NOT NULL PRIMARY KEY AUTOINCREMENT, "content_type_id" integer NOT NULL REFERENCES "django_content_type" ("id") DEFERRABLE INITIALLY DEFERRED, "codename" varchar(100) NOT NULL, "name" varchar(255) NOT NULL);
INSERT INTO "auth_permission" VALUES(1,1,'add_logentry','Can add log entry');
INSERT INTO "auth_permission" VALUES(2,1,'change_logentry','Can change log entry');
INSERT INTO "auth_permission" VALUES(3,1,'delete_logentry','Can delete log entry');
INSERT INTO "auth_permission" VALUES(4,1,'view_logentry','Can view log entry');
INSERT INTO "auth_permission" VALUES(5,2,'add_permission','Can add permission');
INSERT INTO "auth_permission" VALUES(6,2,'change_permission','Can change permission');
INSERT INTO "auth_permission" VALUES(7,2,'delete_permission','Can delete permission');
INSERT INTO "auth_permission" VALUES(8,2,'view_permission','Can view permission');
INSERT INTO "auth_permission" VALUES(9,3,'add_group','Can add group');
INSERT INTO "auth_permission" VALUES(10,3,'change_group','Can change group');
INSERT INTO "auth_permission" VALUES(11,3,'delete_group','Can delete group');
INSERT INTO "auth_permission" VALUES(12,3,'view_group','Can view group');
INSERT INTO "auth_permission" VALUES(13,4,'add_user','Can add user');
INSERT INTO "auth_permission" VALUES(14,4,'change_user','Can change user');
INSERT INTO "auth_permission" VALUES(15,4,'delete_user','Can delete user');
INSERT INTO "auth_permission" VALUES(16,4,'view_user','Can view user');
INSERT INTO "auth_permission" VALUES(17,5,'add_contenttype','Can add content type');
INSERT INTO "auth_permission" VALUES(18,5,'change_contenttype','Can change content type');
INSERT INTO "auth_permission" VALUES(19,5,'delete_contenttype','Can delete content type');
INSERT INTO "auth_permission" VALUES(20,5,'view_contenttype','Can view content type');
INSERT INTO "auth_permission" VALUES(21,6,'add_session','Can add session');
INSERT INTO "auth_permission" VALUES(22,6,'change_session','Can change session');
INSERT INTO "auth_permission" VALUES(23,6,'delete_session','Can delete session');
INSERT INTO "auth_permission" VALUES(24,6,'view_session','Can view session');
INSERT INTO "auth_permission" VALUES(25,7,'add_usuario','Can add usuario');
INSERT INTO "auth_permission" VALUES(26,7,'change_usuario','Can change usuario');
INSERT INTO "auth_permission" VALUES(27,7,'delete_usuario','Can delete usuario');
INSERT INTO "auth_permission" VALUES(28,7,'view_usuario','Can view usuario');
INSERT INTO "auth_permission" VALUES(29,8,'add_pasajero','Can add pasajero');
INSERT INTO "auth_permission" VALUES(30,8,'change_pasajero','Can change pasajero');
INSERT INTO "auth_permission" VALUES(31,8,'delete_pasajero','Can delete pasajero');
INSERT INTO "auth_permission" VALUES(32,8,'view_pasajero','Can view pasajero');
INSERT INTO "auth_permission" VALUES(33,9,'add_activovehiculo','Can add activo vehiculo');
INSERT INTO "auth_permission" VALUES(34,9,'change_activovehiculo','Can change activo vehiculo');
INSERT INTO "auth_permission" VALUES(35,9,'delete_activovehiculo','Can delete activo vehiculo');
INSERT INTO "auth_permission" VALUES(36,9,'view_activovehiculo','Can view activo vehiculo');
INSERT INTO "auth_permission" VALUES(37,10,'add_activoextintor','Can add activo extintor');
INSERT INTO "auth_permission" VALUES(38,10,'change_activoextintor','Can change activo extintor');
INSERT INTO "auth_permission" VALUES(39,10,'delete_activoextintor','Can delete activo extintor');
INSERT INTO "auth_permission" VALUES(40,10,'view_activoextintor','Can view activo extintor');
INSERT INTO "auth_permission" VALUES(41,11,'add_activoequipooficina','Can add activo equipo oficina');
INSERT INTO "auth_permission" VALUES(42,11,'change_activoequipooficina','Can change activo equipo oficina');
INSERT INTO "auth_permission" VALUES(43,11,'delete_activoequipooficina','Can delete activo equipo oficina');
INSERT INTO "auth_permission" VALUES(44,11,'view_activoequipooficina','Can view activo equipo oficina');
INSERT INTO "auth_permission" VALUES(45,12,'add_generaralarma','Can add generar alarma');
INSERT INTO "auth_permission" VALUES(46,12,'change_generaralarma','Can change generar alarma');
INSERT INTO "auth_permission" VALUES(47,12,'delete_generaralarma','Can delete generar alarma');
INSERT INTO "auth_permission" VALUES(48,12,'view_generaralarma','Can view generar alarma');
INSERT INTO "auth_permission" VALUES(49,13,'add_registrarmantenimiento','Can add registrar mantenimiento');
INSERT INTO "auth_permission" VALUES(50,13,'change_registrarmantenimiento','Can change registrar mantenimiento');
INSERT INTO "auth_permission" VALUES(51,13,'delete_registrarmantenimiento','Can delete registrar mantenimiento');
INSERT INTO "auth_permission" VALUES(52,13,'view_registrarmantenimiento','Can view registrar mantenimiento');
INSERT INTO "auth_permission" VALUES(53,14,'add_generarruta','Can add generar ruta');
INSERT INTO "auth_permission" VALUES(54,14,'change_generarruta','Can change generar ruta');
INSERT INTO "auth_permission" VALUES(55,14,'delete_generarruta','Can delete generar ruta');
INSERT INTO "auth_permission" VALUES(56,14,'view_generarruta','Can view generar ruta');
INSERT INTO "auth_permission" VALUES(57,15,'add_permisos','Can add permisos');
INSERT INTO "auth_permission" VALUES(58,15,'change_permisos','Can change permisos');
INSERT INTO "auth_permission" VALUES(59,15,'delete_permisos','Can delete permisos');
INSERT INTO "auth_permission" VALUES(60,15,'view_permisos','Can view permisos');
INSERT INTO "auth_permission" VALUES(61,16,'add_pasajero','Can add pasajero');
INSERT INTO "auth_permission" VALUES(62,16,'change_pasajero','Can change pasajero');
INSERT INTO "auth_permission" VALUES(63,16,'delete_pasajero','Can delete pasajero');
INSERT INTO "auth_permission" VALUES(64,16,'view_pasajero','Can view pasajero');
INSERT INTO "auth_permission" VALUES(65,17,'add_detalleruta','Can add detalle ruta');
INSERT INTO "auth_permission" VALUES(66,17,'change_detalleruta','Can change detalle ruta');
INSERT INTO "auth_permission" VALUES(67,17,'delete_detalleruta','Can delete detalle ruta');
INSERT INTO "auth_permission" VALUES(68,17,'view_detalleruta','Can view detalle ruta');
INSERT INTO "auth_permission" VALUES(69,18,'add_mantenimientovehiculo','Can add mantenimiento vehiculo');
INSERT INTO "auth_permission" VALUES(70,18,'change_mantenimientovehiculo','Can change mantenimiento vehiculo');
INSERT INTO "auth_permission" VALUES(71,18,'delete_mantenimientovehiculo','Can delete mantenimiento vehiculo');
INSERT INTO "auth_permission" VALUES(72,18,'view_mantenimientovehiculo','Can view mantenimiento vehiculo');
INSERT INTO "auth_permission" VALUES(73,19,'add_mantenimientoextintor','Can add mantenimiento extintor');
INSERT INTO "auth_permission" VALUES(74,19,'change_mantenimientoextintor','Can change mantenimiento extintor');
INSERT INTO "auth_permission" VALUES(75,19,'delete_mantenimientoextintor','Can delete mantenimiento extintor');
INSERT INTO "auth_permission" VALUES(76,19,'view_mantenimientoextintor','Can view mantenimiento extintor');
INSERT INTO "auth_permission" VALUES(77,20,'add_mantenimientoequipo','Can add mantenimiento equipo');
INSERT INTO "auth_permission" VALUES(78,20,'change_mantenimientoequipo','Can change mantenimiento equipo');
INSERT INTO "auth_permission" VALUES(79,20,'delete_mantenimientoequipo','Can delete mantenimiento equipo');
INSERT INTO "auth_permission" VALUES(80,20,'view_mantenimientoequipo','Can view mantenimiento equipo');
INSERT INTO "auth_permission" VALUES(81,21,'add_alarmas','Can add alarmas');
INSERT INTO "auth_permission" VALUES(82,21,'change_alarmas','Can change alarmas');
INSERT INTO "auth_permission" VALUES(83,21,'delete_alarmas','Can delete alarmas');
INSERT INTO "auth_permission" VALUES(84,21,'view_alarmas','Can view alarmas');
INSERT INTO "auth_permission" VALUES(85,22,'add_record','Can add record');
INSERT INTO "auth_permission" VALUES(86,22,'change_record','Can change record');
INSERT INTO "auth_permission" VALUES(87,22,'delete_record','Can delete record');
INSERT INTO "auth_permission" VALUES(88,22,'view_record','Can view record');
CREATE UNIQUE INDEX "auth_group_permissions_group_id_permission_id_0cd325b0_uniq" ON "auth_group_permissions" ("group_id", "permission_id");
CREATE INDEX IF NOT EXISTS "auth_group_permissions_group_id_b120cbf9" ON "auth_group_permissions" ("group_id");
CREATE INDEX IF NOT EXISTS "auth_group_permissions_permission_id_84c5c92e" ON "auth_group_permissions" ("permission_id");
CREATE UNIQUE INDEX "auth_user_groups_user_id_group_id_94350c0c_uniq" ON "auth_user_groups" ("user_id", "group_id");
CREATE INDEX IF NOT EXISTS "auth_user_groups_user_id_6a12ed8b" ON "auth_user_groups" ("user_id");
CREATE INDEX IF NOT EXISTS "auth_user_groups_group_id_97559544" ON "auth_user_groups" ("group_id");
CREATE UNIQUE INDEX "auth_user_user_permissions_user_id_permission_id_14a6b632_uniq" ON "auth_user_user_permissions" ("user_id", "permission_id");
CREATE INDEX IF NOT EXISTS "auth_user_user_permissions_user_id_a95ead1b" ON "auth_user_user_permissions" ("user_id");
CREATE INDEX IF NOT EXISTS "auth_user_user_permissions_permission_id_1fbb5f2c" ON "auth_user_user_permissions" ("permission_id");
CREATE INDEX IF NOT EXISTS "django_admin_log_content_type_id_c4bce8eb" ON "django_admin_log" ("content_type_id");
CREATE INDEX IF NOT EXISTS "django_admin_log_user_id_c564eba6" ON "django_admin_log" ("user_id");
CREATE UNIQUE INDEX "django_content_type_app_label_model_76bd3d3b_uniq" ON "django_content_type" ("app_label", "model");
CREATE UNIQUE INDEX "auth_permission_content_type_id_codename_01ab375a_uniq" ON "auth_permission" ("content_type_id", "codename");
CREATE INDEX IF NOT EXISTS "auth_permission_content_type_id_2f476e4b" ON "auth_permission" ("content_type_id");
CREATE INDEX IF NOT EXISTS "django_session_expire_date_a5c62663" ON "django_session" ("expire_date");
CREATE INDEX IF NOT EXISTS "gestionActivos_detalleruta_fkPasajero_id_b7d73b7c" ON "gestionActivos_detalleruta" ("fkPasajero_id");
CREATE INDEX IF NOT EXISTS "gestionActivos_detalleruta_fkRuta_id_aeca3db9" ON "gestionActivos_detalleruta" ("fkRuta_id");
CREATE INDEX IF NOT EXISTS "gestionActivos_mantenimientovehiculo_fkRegistrarMantenimiento_id_49d0da75" ON "gestionActivos_mantenimientovehiculo" ("fkRegistrarMantenimiento_id");
CREATE INDEX IF NOT EXISTS "gestionActivos_mantenimientovehiculo_fkVehiculo_id_80566643" ON "gestionActivos_mantenimientovehiculo" ("fkVehiculo_id");
CREATE INDEX IF NOT EXISTS "gestionActivos_mantenimientoequipo_fkRegistrarMantenimiento_id_cc3a4d79" ON "gestionActivos_mantenimientoequipo" ("fkRegistrarMantenimiento_id");
CREATE INDEX IF NOT EXISTS "gestionActivos_mantenimientoequipo_fkEquipoOficina_id_c63a1422" ON "gestionActivos_mantenimientoequipo" ("fkEquipoOficina_id");
CREATE INDEX IF NOT EXISTS "gestionActivos_mantenimientoextintor_fkRegistrarMantenimiento_id_24f71c56" ON "gestionActivos_mantenimientoextintor" ("fkRegistrarMantenimiento_id");
CREATE INDEX IF NOT EXISTS "gestionActivos_mantenimientoextintor_fkExtintor_id_1e0e1cf4" ON "gestionActivos_mantenimientoextintor" ("fkExtintor_id");
CREATE INDEX IF NOT EXISTS "usuarios_usuario_user_id_27bf56db" ON "usuarios_usuario" ("user_id");
CREATE INDEX IF NOT EXISTS "gestionActivos_generarruta_fkUsuario_id_22295747" ON "gestionActivos_generarruta" ("fkUsuario_id");
CREATE INDEX IF NOT EXISTS "gestionActivos_generarruta_fkVehiculo_id_b1a22096" ON "gestionActivos_generarruta" ("fkVehiculo_id");
CREATE INDEX IF NOT EXISTS "gestionActivos_alarmas_fkEquipoOficina_id_be2e1cff" ON "gestionActivos_alarmas" ("fkEquipoOficina_id");
CREATE INDEX IF NOT EXISTS "gestionActivos_alarmas_fkExtintor_id_64f5be6a" ON "gestionActivos_alarmas" ("fkExtintor_id");
CREATE INDEX IF NOT EXISTS "gestionActivos_alarmas_fkVehiculo_id_d2fec6c8" ON "gestionActivos_alarmas" ("fkVehiculo_id");
CREATE TABLE IF NOT EXISTS "auth_user" ("id" integer NOT NULL PRIMARY KEY AUTOINCREMENT, "password" varchar(128) NOT NULL, "last_login" datetime NULL, "is_superuser" bool NOT NULL, "username" varchar(150) NOT NULL UNIQUE, "last_name" varchar(150) NOT NULL, "email" varchar(254) NOT NULL, "is_staff" bool NOT NULL, "is_active" bool NOT NULL, "date_joined" datetime NOT NULL, "first_name" varchar(150) NOT NULL);
INSERT INTO "auth_user" VALUES(1,'pbkdf2_sha256$390000$SYGFtyqwn9W61ctdQV9dF8$j06STj28NkztC6xrnjhUucdictDPLw6+zhkx5QWL51g=','2022-11-04 20:57:57.299772',1,'admin','','',1,1,'2022-10-19 22:10:24.521093','');
INSERT INTO "auth_user" VALUES(2,'pbkdf2_sha256$390000$Qgo5YEJgI0eKSEK0ZjMzCb$GPpeDIYNBqI75G6pitOFx5Egg+ZAFWfCS1VXPBWmpII=','2022-11-01 18:21:35.672619',1,'jonny','','',1,1,'2022-10-20 18:14:33.854006','');
INSERT INTO "auth_user" VALUES(4,'pbkdf2_sha256$390000$DsBsfGcQR0HXrgb37Tbe6E$UOpXs3eNrVur2lclgO2cpX+uWXNyzt7lpF8vFKvzti0=','2022-11-23 01:03:29.201873',0,'11223366','Botello','antony@gmail.com',0,1,'2022-10-28 22:35:57','Antony');
INSERT INTO "auth_user" VALUES(5,'pbkdf2_sha256$390000$WmxMVskycAsgXhBYSwIiaK$29/Emdl9q2z43WdAcwkLKQGYIajEU5+FaU1yKpmwLNs=','2022-11-26 06:41:37.680415',1,'1115081627','Canabal','jonny.canabal@gmail.com',1,1,'2022-11-01 18:18:15','Jonny');
INSERT INTO "auth_user" VALUES(6,'pbkdf2_sha256$390000$OR6itTvn4KIjazEBL6ZGSR$J9ZZOSY0snVxR4A7Y0zUTvJ562DNppoJUUom6mIde4o=',NULL,0,'998877','Briñez','db@gmail.com',0,1,'2022-11-02 17:38:07.474654','Diego');
INSERT INTO "auth_user" VALUES(7,'pbkdf2_sha256$390000$UJtVdbufk2dZvx9zZkyEKn$7ZqD6VmKh6b+KFgvXr9/ewIJOMSVDpu3FzaTmFQV4f4=','2022-11-26 06:35:53.251671',0,'74770263','Molina','JNMV@gmail.com',1,1,'2022-11-04 03:01:49','Jose');
INSERT INTO "auth_user" VALUES(17,'pbkdf2_sha256$390000$qzo8ToQg39ig9WU0AtXNh0$2IQ2qLxmzRdvnxyz1bqXoJuGRA+UI/vNA+8ZAUrSUOk=',NULL,0,'123698745','Canabal','lvco123@gmail.com',0,1,'2022-11-25 20:12:27.850566','Leidy');
INSERT INTO "auth_user" VALUES(19,'pbkdf2_sha256$390000$eXDW1sbP4CzTILxFaNW3k0$xvh3R7z2A+gHm2CnsZ5Su67BaWWsaQo9rA49nBCaG3M=',NULL,0,'1234','Oscar','oscar@gmail.com',0,1,'2022-11-26 06:23:08.384839','Oscar');
CREATE UNIQUE INDEX "auth_group_permissions_group_id_permission_id_0cd325b0_uniq" ON "auth_group_permissions" ("group_id", "permission_id");
CREATE INDEX IF NOT EXISTS "auth_group_permissions_group_id_b120cbf9" ON "auth_group_permissions" ("group_id");
CREATE INDEX IF NOT EXISTS "auth_group_permissions_permission_id_84c5c92e" ON "auth_group_permissions" ("permission_id");
CREATE UNIQUE INDEX "auth_user_groups_user_id_group_id_94350c0c_uniq" ON "auth_user_groups" ("user_id", "group_id");
CREATE INDEX IF NOT EXISTS "auth_user_groups_user_id_6a12ed8b" ON "auth_user_groups" ("user_id");
CREATE INDEX IF NOT EXISTS "auth_user_groups_group_id_97559544" ON "auth_user_groups" ("group_id");
CREATE UNIQUE INDEX "auth_user_user_permissions_user_id_permission_id_14a6b632_uniq" ON "auth_user_user_permissions" ("user_id", "permission_id");
CREATE INDEX IF NOT EXISTS "auth_user_user_permissions_user_id_a95ead1b" ON "auth_user_user_permissions" ("user_id");
CREATE INDEX IF NOT EXISTS "auth_user_user_permissions_permission_id_1fbb5f2c" ON "auth_user_user_permissions" ("permission_id");
CREATE INDEX IF NOT EXISTS "django_admin_log_content_type_id_c4bce8eb" ON "django_admin_log" ("content_type_id");
CREATE INDEX IF NOT EXISTS "django_admin_log_user_id_c564eba6" ON "django_admin_log" ("user_id");
CREATE UNIQUE INDEX "django_content_type_app_label_model_76bd3d3b_uniq" ON "django_content_type" ("app_label", "model");
CREATE UNIQUE INDEX "auth_permission_content_type_id_codename_01ab375a_uniq" ON "auth_permission" ("content_type_id", "codename");
CREATE INDEX IF NOT EXISTS "auth_permission_content_type_id_2f476e4b" ON "auth_permission" ("content_type_id");
CREATE INDEX IF NOT EXISTS "django_session_expire_date_a5c62663" ON "django_session" ("expire_date");
CREATE INDEX IF NOT EXISTS "gestionActivos_detalleruta_fkPasajero_id_b7d73b7c" ON "gestionActivos_detalleruta" ("fkPasajero_id");
CREATE INDEX IF NOT EXISTS "gestionActivos_detalleruta_fkRuta_id_aeca3db9" ON "gestionActivos_detalleruta" ("fkRuta_id");
CREATE INDEX IF NOT EXISTS "gestionActivos_mantenimientovehiculo_fkRegistrarMantenimiento_id_49d0da75" ON "gestionActivos_mantenimientovehiculo" ("fkRegistrarMantenimiento_id");
CREATE INDEX IF NOT EXISTS "gestionActivos_mantenimientovehiculo_fkVehiculo_id_80566643" ON "gestionActivos_mantenimientovehiculo" ("fkVehiculo_id");
CREATE INDEX IF NOT EXISTS "gestionActivos_mantenimientoequipo_fkRegistrarMantenimiento_id_cc3a4d79" ON "gestionActivos_mantenimientoequipo" ("fkRegistrarMantenimiento_id");
CREATE INDEX IF NOT EXISTS "gestionActivos_mantenimientoequipo_fkEquipoOficina_id_c63a1422" ON "gestionActivos_mantenimientoequipo" ("fkEquipoOficina_id");
CREATE INDEX IF NOT EXISTS "gestionActivos_mantenimientoextintor_fkRegistrarMantenimiento_id_24f71c56" ON "gestionActivos_mantenimientoextintor" ("fkRegistrarMantenimiento_id");
CREATE INDEX IF NOT EXISTS "gestionActivos_mantenimientoextintor_fkExtintor_id_1e0e1cf4" ON "gestionActivos_mantenimientoextintor" ("fkExtintor_id");
CREATE INDEX IF NOT EXISTS "usuarios_usuario_user_id_27bf56db" ON "usuarios_usuario" ("user_id");
CREATE INDEX IF NOT EXISTS "gestionActivos_generarruta_fkUsuario_id_22295747" ON "gestionActivos_generarruta" ("fkUsuario_id");
CREATE INDEX IF NOT EXISTS "gestionActivos_generarruta_fkVehiculo_id_b1a22096" ON "gestionActivos_generarruta" ("fkVehiculo_id");
CREATE INDEX IF NOT EXISTS "gestionActivos_alarmas_fkEquipoOficina_id_be2e1cff" ON "gestionActivos_alarmas" ("fkEquipoOficina_id");
CREATE INDEX IF NOT EXISTS "gestionActivos_alarmas_fkExtintor_id_64f5be6a" ON "gestionActivos_alarmas" ("fkExtintor_id");
CREATE INDEX IF NOT EXISTS "gestionActivos_alarmas_fkVehiculo_id_d2fec6c8" ON "gestionActivos_alarmas" ("fkVehiculo_id");
CREATE TABLE IF NOT EXISTS "auth_user_groups" ("id" integer NOT NULL PRIMARY KEY AUTOINCREMENT, "user_id" integer NOT NULL REFERENCES "auth_user" ("id") DEFERRABLE INITIALLY DEFERRED, "group_id" integer NOT NULL REFERENCES "auth_group" ("id") DEFERRABLE INITIALLY DEFERRED);
INSERT INTO "auth_user_groups" VALUES(6,5,3);
INSERT INTO "auth_user_groups" VALUES(10,6,1);
INSERT INTO "auth_user_groups" VALUES(11,17,2);
INSERT INTO "auth_user_groups" VALUES(12,4,1);
INSERT INTO "auth_user_groups" VALUES(21,19,2);
INSERT INTO "auth_user_groups" VALUES(22,7,1);
CREATE UNIQUE INDEX "auth_group_permissions_group_id_permission_id_0cd325b0_uniq" ON "auth_group_permissions" ("group_id", "permission_id");
CREATE INDEX IF NOT EXISTS "auth_group_permissions_group_id_b120cbf9" ON "auth_group_permissions" ("group_id");
CREATE INDEX IF NOT EXISTS "auth_group_permissions_permission_id_84c5c92e" ON "auth_group_permissions" ("permission_id");
CREATE UNIQUE INDEX "auth_user_groups_user_id_group_id_94350c0c_uniq" ON "auth_user_groups" ("user_id", "group_id");
CREATE INDEX IF NOT EXISTS "auth_user_groups_user_id_6a12ed8b" ON "auth_user_groups" ("user_id");
CREATE INDEX IF NOT EXISTS "auth_user_groups_group_id_97559544" ON "auth_user_groups" ("group_id");
CREATE UNIQUE INDEX "auth_user_user_permissions_user_id_permission_id_14a6b632_uniq" ON "auth_user_user_permissions" ("user_id", "permission_id");
CREATE INDEX IF NOT EXISTS "auth_user_user_permissions_user_id_a95ead1b" ON "auth_user_user_permissions" ("user_id");
CREATE INDEX IF NOT EXISTS "auth_user_user_permissions_permission_id_1fbb5f2c" ON "auth_user_user_permissions" ("permission_id");
CREATE INDEX IF NOT EXISTS "django_admin_log_content_type_id_c4bce8eb" ON "django_admin_log" ("content_type_id");
CREATE INDEX IF NOT EXISTS "django_admin_log_user_id_c564eba6" ON "django_admin_log" ("user_id");
CREATE UNIQUE INDEX "django_content_type_app_label_model_76bd3d3b_uniq" ON "django_content_type" ("app_label", "model");
CREATE UNIQUE INDEX "auth_permission_content_type_id_codename_01ab375a_uniq" ON "auth_permission" ("content_type_id", "codename");
CREATE INDEX IF NOT EXISTS "auth_permission_content_type_id_2f476e4b" ON "auth_permission" ("content_type_id");
CREATE INDEX IF NOT EXISTS "django_session_expire_date_a5c62663" ON "django_session" ("expire_date");
CREATE INDEX IF NOT EXISTS "gestionActivos_detalleruta_fkPasajero_id_b7d73b7c" ON "gestionActivos_detalleruta" ("fkPasajero_id");
CREATE INDEX IF NOT EXISTS "gestionActivos_detalleruta_fkRuta_id_aeca3db9" ON "gestionActivos_detalleruta" ("fkRuta_id");
CREATE INDEX IF NOT EXISTS "gestionActivos_mantenimientovehiculo_fkRegistrarMantenimiento_id_49d0da75" ON "gestionActivos_mantenimientovehiculo" ("fkRegistrarMantenimiento_id");
CREATE INDEX IF NOT EXISTS "gestionActivos_mantenimientovehiculo_fkVehiculo_id_80566643" ON "gestionActivos_mantenimientovehiculo" ("fkVehiculo_id");
CREATE INDEX IF NOT EXISTS "gestionActivos_mantenimientoequipo_fkRegistrarMantenimiento_id_cc3a4d79" ON "gestionActivos_mantenimientoequipo" ("fkRegistrarMantenimiento_id");
CREATE INDEX IF NOT EXISTS "gestionActivos_mantenimientoequipo_fkEquipoOficina_id_c63a1422" ON "gestionActivos_mantenimientoequipo" ("fkEquipoOficina_id");
CREATE INDEX IF NOT EXISTS "gestionActivos_mantenimientoextintor_fkRegistrarMantenimiento_id_24f71c56" ON "gestionActivos_mantenimientoextintor" ("fkRegistrarMantenimiento_id");
CREATE INDEX IF NOT EXISTS "gestionActivos_mantenimientoextintor_fkExtintor_id_1e0e1cf4" ON "gestionActivos_mantenimientoextintor" ("fkExtintor_id");
CREATE INDEX IF NOT EXISTS "usuarios_usuario_user_id_27bf56db" ON "usuarios_usuario" ("user_id");
CREATE INDEX IF NOT EXISTS "gestionActivos_generarruta_fkUsuario_id_22295747" ON "gestionActivos_generarruta" ("fkUsuario_id");
CREATE INDEX IF NOT EXISTS "gestionActivos_generarruta_fkVehiculo_id_b1a22096" ON "gestionActivos_generarruta" ("fkVehiculo_id");
CREATE INDEX IF NOT EXISTS "gestionActivos_alarmas_fkEquipoOficina_id_be2e1cff" ON "gestionActivos_alarmas" ("fkEquipoOficina_id");
CREATE INDEX IF NOT EXISTS "gestionActivos_alarmas_fkExtintor_id_64f5be6a" ON "gestionActivos_alarmas" ("fkExtintor_id");
CREATE INDEX IF NOT EXISTS "gestionActivos_alarmas_fkVehiculo_id_d2fec6c8" ON "gestionActivos_alarmas" ("fkVehiculo_id");
CREATE TABLE IF NOT EXISTS "auth_user_user_permissions" ("id" integer NOT NULL PRIMARY KEY AUTOINCREMENT, "user_id" integer NOT NULL REFERENCES "auth_user" ("id") DEFERRABLE INITIALLY DEFERRED, "permission_id" integer NOT NULL REFERENCES "auth_permission" ("id") DEFERRABLE INITIALLY DEFERRED);
CREATE UNIQUE INDEX "auth_group_permissions_group_id_permission_id_0cd325b0_uniq" ON "auth_group_permissions" ("group_id", "permission_id");
CREATE INDEX IF NOT EXISTS "auth_group_permissions_group_id_b120cbf9" ON "auth_group_permissions" ("group_id");
CREATE INDEX IF NOT EXISTS "auth_group_permissions_permission_id_84c5c92e" ON "auth_group_permissions" ("permission_id");
CREATE UNIQUE INDEX "auth_user_groups_user_id_group_id_94350c0c_uniq" ON "auth_user_groups" ("user_id", "group_id");
CREATE INDEX IF NOT EXISTS "auth_user_groups_user_id_6a12ed8b" ON "auth_user_groups" ("user_id");
CREATE INDEX IF NOT EXISTS "auth_user_groups_group_id_97559544" ON "auth_user_groups" ("group_id");
CREATE UNIQUE INDEX "auth_user_user_permissions_user_id_permission_id_14a6b632_uniq" ON "auth_user_user_permissions" ("user_id", "permission_id");
CREATE INDEX IF NOT EXISTS "auth_user_user_permissions_user_id_a95ead1b" ON "auth_user_user_permissions" ("user_id");
CREATE INDEX IF NOT EXISTS "auth_user_user_permissions_permission_id_1fbb5f2c" ON "auth_user_user_permissions" ("permission_id");
CREATE INDEX IF NOT EXISTS "django_admin_log_content_type_id_c4bce8eb" ON "django_admin_log" ("content_type_id");
CREATE INDEX IF NOT EXISTS "django_admin_log_user_id_c564eba6" ON "django_admin_log" ("user_id");
CREATE UNIQUE INDEX "django_content_type_app_label_model_76bd3d3b_uniq" ON "django_content_type" ("app_label", "model");
CREATE UNIQUE INDEX "auth_permission_content_type_id_codename_01ab375a_uniq" ON "auth_permission" ("content_type_id", "codename");
CREATE INDEX IF NOT EXISTS "auth_permission_content_type_id_2f476e4b" ON "auth_permission" ("content_type_id");
CREATE INDEX IF NOT EXISTS "django_session_expire_date_a5c62663" ON "django_session" ("expire_date");
CREATE INDEX IF NOT EXISTS "gestionActivos_detalleruta_fkPasajero_id_b7d73b7c" ON "gestionActivos_detalleruta" ("fkPasajero_id");
CREATE INDEX IF NOT EXISTS "gestionActivos_detalleruta_fkRuta_id_aeca3db9" ON "gestionActivos_detalleruta" ("fkRuta_id");
CREATE INDEX IF NOT EXISTS "gestionActivos_mantenimientovehiculo_fkRegistrarMantenimiento_id_49d0da75" ON "gestionActivos_mantenimientovehiculo" ("fkRegistrarMantenimiento_id");
CREATE INDEX IF NOT EXISTS "gestionActivos_mantenimientovehiculo_fkVehiculo_id_80566643" ON "gestionActivos_mantenimientovehiculo" ("fkVehiculo_id");
CREATE INDEX IF NOT EXISTS "gestionActivos_mantenimientoequipo_fkRegistrarMantenimiento_id_cc3a4d79" ON "gestionActivos_mantenimientoequipo" ("fkRegistrarMantenimiento_id");
CREATE INDEX IF NOT EXISTS "gestionActivos_mantenimientoequipo_fkEquipoOficina_id_c63a1422" ON "gestionActivos_mantenimientoequipo" ("fkEquipoOficina_id");
CREATE INDEX IF NOT EXISTS "gestionActivos_mantenimientoextintor_fkRegistrarMantenimiento_id_24f71c56" ON "gestionActivos_mantenimientoextintor" ("fkRegistrarMantenimiento_id");
CREATE INDEX IF NOT EXISTS "gestionActivos_mantenimientoextintor_fkExtintor_id_1e0e1cf4" ON "gestionActivos_mantenimientoextintor" ("fkExtintor_id");
CREATE INDEX IF NOT EXISTS "usuarios_usuario_user_id_27bf56db" ON "usuarios_usuario" ("user_id");
CREATE INDEX IF NOT EXISTS "gestionActivos_generarruta_fkUsuario_id_22295747" ON "gestionActivos_generarruta" ("fkUsuario_id");
CREATE INDEX IF NOT EXISTS "gestionActivos_generarruta_fkVehiculo_id_b1a22096" ON "gestionActivos_generarruta" ("fkVehiculo_id");
CREATE INDEX IF NOT EXISTS "gestionActivos_alarmas_fkEquipoOficina_id_be2e1cff" ON "gestionActivos_alarmas" ("fkEquipoOficina_id");
CREATE INDEX IF NOT EXISTS "gestionActivos_alarmas_fkExtintor_id_64f5be6a" ON "gestionActivos_alarmas" ("fkExtintor_id");
CREATE INDEX IF NOT EXISTS "gestionActivos_alarmas_fkVehiculo_id_d2fec6c8" ON "gestionActivos_alarmas" ("fkVehiculo_id");
CREATE TABLE IF NOT EXISTS "django_admin_log" ("id" integer NOT NULL PRIMARY KEY AUTOINCREMENT, "object_id" text NULL, "object_repr" varchar(200) NOT NULL, "action_flag" smallint unsigned NOT NULL CHECK ("action_flag" >= 0), "change_message" text NOT NULL, "content_type_id" integer NULL REFERENCES "django_content_type" ("id") DEFERRABLE INITIALLY DEFERRED, "user_id" integer NOT NULL REFERENCES "auth_user" ("id") DEFERRABLE INITIALLY DEFERRED, "action_time" datetime NOT NULL);
INSERT INTO "django_admin_log" VALUES(1,'1','ActivoExtintor object (1)',1,'[{"added": {}}]',10,1,'2022-10-19 22:11:09.346181');
INSERT INTO "django_admin_log" VALUES(2,'1','ActivoExtintor object (1)',3,'',10,2,'2022-10-20 18:15:22.120567');
INSERT INTO "django_admin_log" VALUES(3,'1','ActivoVehiculo object (1)',1,'[{"added": {}}]',9,2,'2022-10-20 18:17:38.492470');
INSERT INTO "django_admin_log" VALUES(4,'1','ActivoEquipoOficina object (1)',1,'[{"added": {}}]',11,2,'2022-10-20 18:18:51.223397');
INSERT INTO "django_admin_log" VALUES(5,'1','ActivoEquipoOficina object (1)',2,'[{"changed": {"fields": ["Componentes del Equipo"]}}]',11,2,'2022-10-20 18:19:23.116269');
INSERT INTO "django_admin_log" VALUES(6,'1','ActivoEquipoOficina object (1)',2,'[{"changed": {"fields": ["Sistema Operativo", "Ram del Equipo", "Memoria del Equipo"]}}]',11,2,'2022-10-20 18:19:42.729655');
INSERT INTO "django_admin_log" VALUES(7,'1','ActivoVehiculo object (1)',3,'',9,2,'2022-10-20 18:32:40.623664');
INSERT INTO "django_admin_log" VALUES(8,'1','ActivoEquipoOficina object (1)',3,'',11,2,'2022-10-20 18:32:45.857196');
INSERT INTO "django_admin_log" VALUES(9,'7','ActivoExtintor object (7)',1,'[{"added": {}}]',10,2,'2022-10-20 18:33:55.727594');
INSERT INTO "django_admin_log" VALUES(10,'2','ActivoVehiculo object (2)',3,'',9,2,'2022-10-20 21:25:35.504419');
INSERT INTO "django_admin_log" VALUES(11,'3','ActivoVehiculo object (3)',3,'',9,2,'2022-10-20 21:25:53.267324');
INSERT INTO "django_admin_log" VALUES(12,'4','ActivoEquipoOficina object (4)',1,'[{"added": {}}]',11,2,'2022-10-21 15:54:59.315210');
INSERT INTO "django_admin_log" VALUES(13,'5','ActivoVehiculo object (5)',1,'[{"added": {}}]',9,2,'2022-10-21 16:38:41.534556');
INSERT INTO "django_admin_log" VALUES(14,'4','ActivoVehiculo object (4)',2,'[{"changed": {"fields": ["Estado"]}}]',9,2,'2022-10-21 16:40:08.500906');
INSERT INTO "django_admin_log" VALUES(15,'4','ActivoEquipoOficina object (4)',2,'[]',11,2,'2022-10-21 16:40:47.833446');
INSERT INTO "django_admin_log" VALUES(16,'3','ActivoEquipoOficina object (3)',2,'[{"changed": {"fields": ["Estado"]}}]',11,2,'2022-10-21 16:40:54.395804');
INSERT INTO "django_admin_log" VALUES(17,'2','ActivoEquipoOficina object (2)',2,'[]',11,2,'2022-10-21 16:40:57.958524');
INSERT INTO "django_admin_log" VALUES(18,'16','ActivoExtintor object (16)',2,'[]',10,2,'2022-10-21 16:41:17.528742');
INSERT INTO "django_admin_log" VALUES(19,'2','ActivoExtintor object (2)',2,'[{"changed": {"fields": ["Estado"]}}]',10,2,'2022-10-21 16:41:28.270300');
INSERT INTO "django_admin_log" VALUES(20,'3','ActivoExtintor object (3)',2,'[{"changed": {"fields": ["Estado"]}}]',10,2,'2022-10-21 16:41:31.137207');
INSERT INTO "django_admin_log" VALUES(21,'4','ActivoExtintor object (4)',2,'[]',10,2,'2022-10-21 16:41:34.154001');
INSERT INTO "django_admin_log" VALUES(22,'5','ActivoExtintor object (5)',2,'[]',10,2,'2022-10-21 16:41:38.230911');
INSERT INTO "django_admin_log" VALUES(23,'2','ActivoEquipoOficina object (2)',2,'[]',11,2,'2022-10-21 16:42:16.331467');
INSERT INTO "django_admin_log" VALUES(24,'3','ActivoEquipoOficina object (3)',2,'[]',11,2,'2022-10-21 16:42:19.786566');
INSERT INTO "django_admin_log" VALUES(25,'4','ActivoEquipoOficina object (4)',2,'[]',11,2,'2022-10-21 16:42:23.151193');
INSERT INTO "django_admin_log" VALUES(26,'4','ActivoVehiculo object (4)',2,'[]',9,2,'2022-10-21 16:42:26.791171');
INSERT INTO "django_admin_log" VALUES(27,'5','ActivoVehiculo object (5)',2,'[]',9,2,'2022-10-21 16:42:29.602367');
INSERT INTO "django_admin_log" VALUES(28,'2','ActivoExtintor object (2)',2,'[]',10,2,'2022-10-21 16:42:35.640637');
INSERT INTO "django_admin_log" VALUES(29,'3','ActivoExtintor object (3)',2,'[]',10,2,'2022-10-21 16:42:37.933827');
INSERT INTO "django_admin_log" VALUES(30,'4','ActivoExtintor object (4)',2,'[]',10,2,'2022-10-21 16:42:40.675925');
INSERT INTO "django_admin_log" VALUES(31,'4','ActivoExtintor object (4)',2,'[]',10,2,'2022-10-21 16:42:42.876521');
INSERT INTO "django_admin_log" VALUES(32,'5','ActivoExtintor object (5)',2,'[]',10,2,'2022-10-21 16:42:44.400811');
INSERT INTO "django_admin_log" VALUES(33,'6','ActivoExtintor object (6)',2,'[]',10,2,'2022-10-21 16:42:45.772690');
INSERT INTO "django_admin_log" VALUES(34,'7','ActivoExtintor object (7)',2,'[]',10,2,'2022-10-21 16:42:47.415128');
INSERT INTO "django_admin_log" VALUES(35,'7','ActivoExtintor object (7)',2,'[]',10,2,'2022-10-21 16:42:48.895758');
INSERT INTO "django_admin_log" VALUES(36,'8','ActivoExtintor object (8)',2,'[]',10,2,'2022-10-21 16:42:51.244538');
INSERT INTO "django_admin_log" VALUES(37,'8','ActivoExtintor object (8)',2,'[]',10,2,'2022-10-21 16:42:53.643900');
INSERT INTO "django_admin_log" VALUES(38,'9','ActivoExtintor object (9)',2,'[]',10,2,'2022-10-21 16:42:56.335501');
INSERT INTO "django_admin_log" VALUES(39,'9','ActivoExtintor object (9)',2,'[]',10,2,'2022-10-21 16:42:57.931232');
INSERT INTO "django_admin_log" VALUES(40,'10','ActivoExtintor object (10)',2,'[]',10,2,'2022-10-21 16:43:00.394977');
INSERT INTO "django_admin_log" VALUES(41,'11','ActivoExtintor object (11)',2,'[]',10,2,'2022-10-21 16:43:02.528531');
INSERT INTO "django_admin_log" VALUES(42,'12','ActivoExtintor object (12)',2,'[]',10,2,'2022-10-21 16:43:04.163007');
INSERT INTO "django_admin_log" VALUES(43,'13','ActivoExtintor object (13)',2,'[]',10,2,'2022-10-21 16:43:05.767687');
INSERT INTO "django_admin_log" VALUES(44,'14','ActivoExtintor object (14)',2,'[]',10,2,'2022-10-21 16:43:07.481562');
INSERT INTO "django_admin_log" VALUES(45,'15','ActivoExtintor object (15)',2,'[]',10,2,'2022-10-21 16:43:08.758275');
INSERT INTO "django_admin_log" VALUES(46,'16','ActivoExtintor object (16)',2,'[]',10,2,'2022-10-21 16:43:09.974605');
INSERT INTO "django_admin_log" VALUES(47,'5','ActivoVehiculo object (5)',2,'[{"changed": {"fields": ["Estado"]}}]',9,2,'2022-10-21 17:42:30.752684');
INSERT INTO "django_admin_log" VALUES(48,'5','ActivoVehiculo object (5)',2,'[{"changed": {"fields": ["Estado"]}}]',9,2,'2022-10-21 17:42:54.075461');
INSERT INTO "django_admin_log" VALUES(49,'5','ActivoExtintor object (5)',2,'[{"changed": {"fields": ["Estado"]}}]',10,2,'2022-10-21 17:43:18.502141');
INSERT INTO "django_admin_log" VALUES(50,'2','ActivoEquipoOficina object (2)',2,'[{"changed": {"fields": ["Estado"]}}]',11,2,'2022-10-21 17:43:39.218440');
INSERT INTO "django_admin_log" VALUES(51,'3','ActivoExtintor object (3)',2,'[{"changed": {"fields": ["Estado"]}}]',10,2,'2022-10-21 17:52:21.377734');
INSERT INTO "django_admin_log" VALUES(52,'3','ActivoExtintor object (3)',2,'[{"changed": {"fields": ["Estado"]}}]',10,2,'2022-10-21 19:21:38.024079');
INSERT INTO "django_admin_log" VALUES(53,'3','ActivoExtintor object (3)',2,'[]',10,2,'2022-10-21 19:21:43.583229');
INSERT INTO "django_admin_log" VALUES(54,'2','ActivoExtintor object (2)',2,'[{"changed": {"fields": ["Estado"]}}]',10,2,'2022-10-21 19:23:26.208077');
INSERT INTO "django_admin_log" VALUES(55,'2','ActivoExtintor object (2)',2,'[{"changed": {"fields": ["Estado"]}}]',10,2,'2022-10-21 19:23:41.373650');
INSERT INTO "django_admin_log" VALUES(56,'2','ActivoExtintor object (2)',2,'[{"changed": {"fields": ["Estado"]}}]',10,2,'2022-10-21 19:24:50.657791');
INSERT INTO "django_admin_log" VALUES(57,'2','ActivoExtintor object (2)',2,'[{"changed": {"fields": ["Estado"]}}]',10,2,'2022-10-21 19:28:57.141668');
INSERT INTO "django_admin_log" VALUES(58,'2','ActivoExtintor object (2)',2,'[{"changed": {"fields": ["Estado"]}}]',10,2,'2022-10-21 19:33:26.433412');
INSERT INTO "django_admin_log" VALUES(59,'2','ActivoExtintor object (2)',2,'[{"changed": {"fields": ["Estado"]}}]',10,2,'2022-10-21 19:34:56.353275');
INSERT INTO "django_admin_log" VALUES(60,'2','ActivoExtintor object (2)',2,'[{"changed": {"fields": ["Estado"]}}]',10,2,'2022-10-21 19:47:45.199562');
INSERT INTO "django_admin_log" VALUES(61,'5','ActivoVehiculo object (5)',2,'[{"changed": {"fields": ["Estado"]}}]',9,2,'2022-10-21 19:48:25.574933');
INSERT INTO "django_admin_log" VALUES(62,'5','ActivoVehiculo object (5)',2,'[{"changed": {"fields": ["Estado"]}}]',9,2,'2022-10-21 19:48:38.468887');
INSERT INTO "django_admin_log" VALUES(63,'5','ActivoVehiculo object (5)',2,'[{"changed": {"fields": ["Estado"]}}]',9,2,'2022-10-21 19:52:33.366335');
INSERT INTO "django_admin_log" VALUES(64,'2','ActivoExtintor object (2)',2,'[{"changed": {"fields": ["Estado"]}}]',10,2,'2022-10-21 19:52:47.356778');
INSERT INTO "django_admin_log" VALUES(65,'2','ActivoExtintor object (2)',2,'[{"changed": {"fields": ["Estado"]}}]',10,2,'2022-10-21 19:54:44.822574');
INSERT INTO "django_admin_log" VALUES(66,'2','ActivoExtintor object (2)',2,'[{"changed": {"fields": ["Estado"]}}]',10,2,'2022-10-21 19:56:40.493861');
INSERT INTO "django_admin_log" VALUES(67,'4','ActivoVehiculo object (4)',2,'[{"changed": {"fields": ["Estado"]}}]',9,2,'2022-10-21 21:09:07.885294');
INSERT INTO "django_admin_log" VALUES(68,'2','ActivoExtintor object (2)',2,'[{"changed": {"fields": ["Estado"]}}]',10,2,'2022-10-21 21:09:49.398252');
INSERT INTO "django_admin_log" VALUES(69,'2','ActivoExtintor object (2)',2,'[{"changed": {"fields": ["Estado"]}}]',10,2,'2022-10-21 21:50:41.536766');
INSERT INTO "django_admin_log" VALUES(70,'3','ActivoEquipoOficina object (3)',2,'[{"changed": {"fields": ["Estado"]}}]',11,2,'2022-10-23 03:00:09.992895');
INSERT INTO "django_admin_log" VALUES(71,'3','ActivoExtintor object (3)',2,'[{"changed": {"fields": ["Estado"]}}]',10,2,'2022-10-23 03:00:26.752668');
INSERT INTO "django_admin_log" VALUES(72,'2','ActivoExtintor object (2)',2,'[{"changed": {"fields": ["Estado"]}}]',10,2,'2022-10-23 23:11:03.600346');
INSERT INTO "django_admin_log" VALUES(73,'2','ActivoExtintor object (2)',2,'[{"changed": {"fields": ["Estado"]}}]',10,2,'2022-10-23 23:13:52.835634');
INSERT INTO "django_admin_log" VALUES(74,'2','ActivoExtintor object (2)',2,'[]',10,2,'2022-10-23 23:15:09.966093');
INSERT INTO "django_admin_log" VALUES(75,'2','ActivoExtintor object (2)',2,'[{"changed": {"fields": ["Estado"]}}]',10,2,'2022-10-23 23:15:41.321099');
INSERT INTO "django_admin_log" VALUES(76,'2','ActivoExtintor object (2)',2,'[{"changed": {"fields": ["Estado"]}}]',10,2,'2022-10-23 23:16:59.776742');
INSERT INTO "django_admin_log" VALUES(77,'2','ActivoExtintor object (2)',2,'[]',10,2,'2022-10-23 23:24:01.790572');
INSERT INTO "django_admin_log" VALUES(78,'2','ActivoExtintor object (2)',2,'[]',10,2,'2022-10-23 23:24:02.140543');
INSERT INTO "django_admin_log" VALUES(79,'2','ActivoExtintor object (2)',2,'[]',10,2,'2022-10-23 23:24:24.839312');
INSERT INTO "django_admin_log" VALUES(80,'2','ActivoExtintor object (2)',2,'[{"changed": {"fields": ["Estado"]}}]',10,2,'2022-10-23 23:24:26.674053');
INSERT INTO "django_admin_log" VALUES(81,'4','XDF-654',2,'[{"changed": {"fields": ["Estado"]}}]',9,2,'2022-10-23 23:52:42.345459');
INSERT INTO "django_admin_log" VALUES(82,'2','ActivoExtintor object (2)',2,'[{"changed": {"fields": ["Estado"]}}]',10,2,'2022-10-23 23:53:09.157448');
INSERT INTO "django_admin_log" VALUES(83,'2','ActivoEquipoOficina object (2)',2,'[{"changed": {"fields": ["Estado"]}}]',11,2,'2022-10-23 23:53:28.952984');
INSERT INTO "django_admin_log" VALUES(84,'2','ActivoEquipoOficina object (2)',2,'[{"changed": {"fields": ["Estado"]}}]',11,2,'2022-10-23 23:56:45.976583');
INSERT INTO "django_admin_log" VALUES(85,'2','ActivoEquipoOficina object (2)',2,'[{"changed": {"fields": ["Estado"]}}]',11,2,'2022-10-23 23:57:10.293921');
INSERT INTO "django_admin_log" VALUES(86,'2','ActivoEquipoOficina object (2)',2,'[{"changed": {"fields": ["Estado"]}}]',11,2,'2022-10-23 23:58:36.211856');
INSERT INTO "django_admin_log" VALUES(87,'16','ActivoExtintor object (16)',2,'[{"changed": {"fields": ["Color Extintor", "Ubicaci\u00f3n del Extintor", "Tipo de Extintor", "Peso del Extintor"]}}]',10,2,'2022-10-24 16:29:31.108121');
INSERT INTO "django_admin_log" VALUES(88,'16','ActivoExtintor object (16)',2,'[]',10,2,'2022-10-24 16:29:33.448284');
INSERT INTO "django_admin_log" VALUES(89,'2','ActivoEquipoOficina object (2)',2,'[{"changed": {"fields": ["Estado"]}}]',11,2,'2022-10-24 17:13:03.460408');
INSERT INTO "django_admin_log" VALUES(90,'2','ActivoExtintor object (2)',2,'[{"changed": {"fields": ["Estado"]}}]',10,2,'2022-10-24 17:13:35.530593');
INSERT INTO "django_admin_log" VALUES(91,'4','XDF-654',2,'[{"changed": {"fields": ["Estado"]}}]',9,2,'2022-10-24 17:14:27.783264');
INSERT INTO "django_admin_log" VALUES(92,'4','XDF-654',2,'[]',9,2,'2022-10-25 21:47:20.056447');
INSERT INTO "django_admin_log" VALUES(93,'6','2',1,'[{"added": {}}]',9,2,'2022-10-25 21:59:33.203465');
INSERT INTO "django_admin_log" VALUES(94,'2','Jose Molina',2,'[{"changed": {"fields": ["Tipo de Usuario"]}}]',7,2,'2022-10-26 00:00:36.494263');
INSERT INTO "django_admin_log" VALUES(95,'3','Silverio Vargas',2,'[]',7,2,'2022-10-26 00:00:42.005752');
INSERT INTO "django_admin_log" VALUES(96,'4','XDF-654',2,'[{"changed": {"fields": ["Estado"]}}]',9,2,'2022-10-27 00:25:43.834812');
INSERT INTO "django_admin_log" VALUES(97,'1','Antony Botello',1,'[{"added": {}}]',16,2,'2022-10-27 22:38:57.196624');
INSERT INTO "django_admin_log" VALUES(98,'3','1122553366',2,'[{"changed": {"fields": ["First name"]}}]',4,2,'2022-10-28 22:31:32.826391');
INSERT INTO "django_admin_log" VALUES(99,'4','Antony Botello',3,'',7,2,'2022-10-28 22:34:45.607683');
INSERT INTO "django_admin_log" VALUES(100,'3','1122553366',3,'',4,2,'2022-10-28 22:35:25.809610');
INSERT INTO "django_admin_log" VALUES(101,'1','Jonny Canabal',3,'',7,2,'2022-11-01 18:14:43.045568');
INSERT INTO "django_admin_log" VALUES(102,'5','1115081627',2,'[{"changed": {"fields": ["Staff status"]}}]',4,2,'2022-11-01 18:19:19.255090');
INSERT INTO "django_admin_log" VALUES(103,'5','1115081627',2,'[{"changed": {"fields": ["Superuser status"]}}]',4,2,'2022-11-01 18:21:46.083142');
INSERT INTO "django_admin_log" VALUES(104,'6','Jonny Canabal',2,'[{"changed": {"fields": ["Foto"]}}]',7,5,'2022-11-01 18:30:04.699565');
INSERT INTO "django_admin_log" VALUES(105,'6','Jonny Canabal',2,'[{"changed": {"fields": ["Foto"]}}]',7,5,'2022-11-01 21:39:10.512530');
INSERT INTO "django_admin_log" VALUES(106,'6','Jonny Canabal',2,'[{"changed": {"fields": ["Foto"]}}]',7,5,'2022-11-01 21:45:09.126276');
INSERT INTO "django_admin_log" VALUES(107,'5','Antony Botello',2,'[{"changed": {"fields": ["Foto"]}}]',7,5,'2022-11-01 21:48:22.558056');
INSERT INTO "django_admin_log" VALUES(108,'6','Jonny Canabal',2,'[{"changed": {"fields": ["Segundo Nombre"]}}]',7,5,'2022-11-01 21:52:29.327043');
INSERT INTO "django_admin_log" VALUES(109,'2','Jose Molina',2,'[{"changed": {"fields": ["Estado"]}}]',7,5,'2022-11-02 17:03:40.875037');
INSERT INTO "django_admin_log" VALUES(110,'2','Jose Molina',2,'[{"changed": {"fields": ["Estado"]}}]',7,5,'2022-11-02 17:04:12.098730');
INSERT INTO "django_admin_log" VALUES(111,'2','Jose Molina',2,'[{"changed": {"fields": ["Estado"]}}]',7,5,'2022-11-02 17:04:26.103337');
INSERT INTO "django_admin_log" VALUES(112,'2','Jose Molina',2,'[{"changed": {"fields": ["Estado"]}}]',7,5,'2022-11-02 17:05:16.952951');
INSERT INTO "django_admin_log" VALUES(113,'2','Jose Molina',2,'[{"changed": {"fields": ["Estado"]}}]',7,5,'2022-11-02 17:05:56.145679');
INSERT INTO "django_admin_log" VALUES(114,'2','Jose Molina',2,'[{"changed": {"fields": ["Estado"]}}]',7,5,'2022-11-02 17:06:10.481125');
INSERT INTO "django_admin_log" VALUES(115,'2','Jose Molina',2,'[{"changed": {"fields": ["Estado"]}}]',7,5,'2022-11-02 17:07:43.917207');
INSERT INTO "django_admin_log" VALUES(116,'2','Jose Molina',2,'[{"changed": {"fields": ["Estado"]}}]',7,5,'2022-11-02 17:08:25.414741');
INSERT INTO "django_admin_log" VALUES(117,'2','Jose Molina',2,'[{"changed": {"fields": ["Estado"]}}]',7,5,'2022-11-02 17:10:51.039046');
INSERT INTO "django_admin_log" VALUES(118,'3','Silverio Vargas',2,'[{"changed": {"fields": ["Estado"]}}]',7,5,'2022-11-02 17:10:54.876847');
INSERT INTO "django_admin_log" VALUES(119,'2','Jose Molina',2,'[{"changed": {"fields": ["Estado"]}}]',7,5,'2022-11-02 17:11:04.186632');
INSERT INTO "django_admin_log" VALUES(120,'2','Jose Molina',2,'[{"changed": {"fields": ["Estado"]}}]',7,5,'2022-11-02 17:11:34.953980');
INSERT INTO "django_admin_log" VALUES(121,'2','Jose Molina',2,'[{"changed": {"fields": ["Estado"]}}]',7,5,'2022-11-02 17:42:29.840098');
INSERT INTO "django_admin_log" VALUES(122,'4','XDF-654',2,'[{"changed": {"fields": ["Estado"]}}]',9,5,'2022-11-02 17:56:53.856354');
INSERT INTO "django_admin_log" VALUES(123,'4','XDF-654',2,'[{"changed": {"fields": ["Estado"]}}]',9,5,'2022-11-02 17:57:19.413681');
INSERT INTO "django_admin_log" VALUES(124,'2','ActivoExtintor object (2)',2,'[{"changed": {"fields": ["Estado"]}}]',10,5,'2022-11-02 17:58:00.190646');
INSERT INTO "django_admin_log" VALUES(125,'2','ActivoEquipoOficina object (2)',2,'[{"changed": {"fields": ["Estado"]}}]',11,5,'2022-11-02 17:58:14.364337');
INSERT INTO "django_admin_log" VALUES(126,'4','XDF-654',2,'[{"changed": {"fields": ["Estado"]}}]',9,5,'2022-11-02 17:59:34.139181');
INSERT INTO "django_admin_log" VALUES(127,'4','XDF-654',2,'[{"changed": {"fields": ["Estado"]}}]',9,5,'2022-11-02 18:00:58.272223');
INSERT INTO "django_admin_log" VALUES(128,'4','XDF-654',2,'[{"changed": {"fields": ["Estado"]}}]',9,5,'2022-11-02 23:20:41.573303');
INSERT INTO "django_admin_log" VALUES(129,'4','XDF-654',2,'[{"changed": {"fields": ["Estado"]}}]',9,5,'2022-11-02 23:25:46.380557');
INSERT INTO "django_admin_log" VALUES(130,'6','2',2,'[{"changed": {"fields": ["Estado"]}}]',9,5,'2022-11-02 23:33:01.698727');
INSERT INTO "django_admin_log" VALUES(131,'5','ASD-123',2,'[{"changed": {"fields": ["Estado"]}}]',9,5,'2022-11-02 23:33:17.737866');
INSERT INTO "django_admin_log" VALUES(132,'5','ASD-123',2,'[{"changed": {"fields": ["Estado"]}}]',9,5,'2022-11-03 01:01:03.390410');
INSERT INTO "django_admin_log" VALUES(133,'4','ActivoExtintor object (4)',2,'[{"changed": {"fields": ["Estado"]}}]',10,5,'2022-11-03 01:01:21.942268');
INSERT INTO "django_admin_log" VALUES(134,'6','ActivoEquipoOficina object (6)',2,'[{"changed": {"fields": ["Estado"]}}]',11,5,'2022-11-03 01:01:40.927517');
INSERT INTO "django_admin_log" VALUES(135,'3','Silverio Vargas',2,'[{"changed": {"fields": ["Estado"]}}]',7,5,'2022-11-03 01:02:45.642943');
INSERT INTO "django_admin_log" VALUES(136,'7','Diego Briñez',2,'[{"changed": {"fields": ["Estado"]}}]',7,5,'2022-11-03 01:02:50.213869');
INSERT INTO "django_admin_log" VALUES(137,'3','Silverio Vargas',2,'[{"changed": {"fields": ["Estado"]}}]',7,5,'2022-11-03 02:44:37.016193');
INSERT INTO "django_admin_log" VALUES(138,'5','ASD-123',2,'[{"changed": {"fields": ["Estado"]}}]',9,5,'2022-11-03 21:41:19.770729');
INSERT INTO "django_admin_log" VALUES(139,'3','Silverio Vargas',2,'[{"changed": {"fields": ["Estado"]}}]',7,5,'2022-11-03 21:41:24.373502');
INSERT INTO "django_admin_log" VALUES(140,'2','Jose Molina',3,'',7,5,'2022-11-04 02:51:17.922627');
INSERT INTO "django_admin_log" VALUES(141,'7','74770263',2,'[{"changed": {"fields": ["Staff status", "Superuser status"]}}]',4,5,'2022-11-04 03:02:03.665304');
INSERT INTO "django_admin_log" VALUES(142,'1','GenerarRuta object (1)',3,'',14,1,'2022-11-04 21:20:18.444340');
INSERT INTO "django_admin_log" VALUES(143,'2','GenerarRuta object (2)',3,'',14,1,'2022-11-04 21:22:46.595334');
INSERT INTO "django_admin_log" VALUES(144,'1','Antony Botello',2,'[{"changed": {"fields": ["Estado del pasajero"]}}]',16,5,'2022-11-07 20:23:53.174238');
INSERT INTO "django_admin_log" VALUES(145,'1','Antony Botello',2,'[{"changed": {"fields": ["Estado del pasajero"]}}]',16,5,'2022-11-07 20:24:17.656529');
INSERT INTO "django_admin_log" VALUES(146,'1','Antony Botello',2,'[{"changed": {"fields": ["Estado del pasajero"]}}]',16,5,'2022-11-07 20:25:40.623026');
INSERT INTO "django_admin_log" VALUES(147,'1','Antony Botello',2,'[{"changed": {"fields": ["Estado del pasajero"]}}]',16,5,'2022-11-07 20:30:07.603551');
INSERT INTO "django_admin_log" VALUES(148,'2','Jonny Canabal',2,'[{"changed": {"fields": ["Estado del pasajero"]}}]',16,5,'2022-11-07 20:30:10.516783');
INSERT INTO "django_admin_log" VALUES(149,'1','Antony Botello',2,'[{"changed": {"fields": ["Estado del pasajero"]}}]',16,5,'2022-11-07 20:34:36.669678');
INSERT INTO "django_admin_log" VALUES(150,'1','Antony Botello',2,'[{"changed": {"fields": ["Estado del pasajero"]}}]',16,5,'2022-11-07 20:51:17.200882');
INSERT INTO "django_admin_log" VALUES(151,'1','Antony Botello',2,'[{"changed": {"fields": ["Estado del pasajero"]}}]',16,5,'2022-11-07 21:14:13.540361');
INSERT INTO "django_admin_log" VALUES(152,'5','Antony Botello',2,'[{"changed": {"fields": ["Estado"]}}]',7,5,'2022-11-08 17:28:26.625383');
INSERT INTO "django_admin_log" VALUES(153,'8','Jose Molina',2,'[{"changed": {"fields": ["Estado"]}}]',7,5,'2022-11-08 17:28:40.356518');
INSERT INTO "django_admin_log" VALUES(154,'6','Jonny Canabal',2,'[]',7,5,'2022-11-08 18:18:04.630382');
INSERT INTO "django_admin_log" VALUES(155,'5','1115081627',2,'[{"changed": {"fields": ["Email address"]}}]',4,5,'2022-11-08 18:18:16.611752');
INSERT INTO "django_admin_log" VALUES(156,'5','1115081627',2,'[]',4,5,'2022-11-08 18:26:09.376818');
INSERT INTO "django_admin_log" VALUES(157,'5','GenerarRuta object (5)',2,'[{"changed": {"fields": ["Estado de la Ruta"]}}]',14,5,'2022-11-10 18:40:12.936492');
INSERT INTO "django_admin_log" VALUES(158,'5','GenerarRuta object (5)',2,'[{"changed": {"fields": ["Estado de la Ruta"]}}]',14,5,'2022-11-10 18:40:36.525549');
INSERT INTO "django_admin_log" VALUES(159,'5','GenerarRuta object (5)',2,'[{"changed": {"fields": ["Estado de la Ruta"]}}]',14,5,'2022-11-10 19:03:19.561590');
INSERT INTO "django_admin_log" VALUES(160,'5','GenerarRuta object (5)',2,'[{"changed": {"fields": ["Estado de la Ruta"]}}]',14,5,'2022-11-10 19:03:31.892521');
INSERT INTO "django_admin_log" VALUES(161,'5','GenerarRuta object (5)',2,'[{"changed": {"fields": ["Estado de la Ruta"]}}]',14,5,'2022-11-10 20:52:11.233051');
INSERT INTO "django_admin_log" VALUES(162,'5','GenerarRuta object (5)',2,'[{"changed": {"fields": ["Estado de la Ruta"]}}]',14,5,'2022-11-10 20:53:51.060952');
INSERT INTO "django_admin_log" VALUES(163,'5','GenerarRuta object (5)',2,'[{"changed": {"fields": ["Estado de la Ruta"]}}]',14,5,'2022-11-10 20:55:18.961663');
INSERT INTO "django_admin_log" VALUES(164,'5','GenerarRuta object (5)',2,'[]',14,5,'2022-11-10 20:56:32.111092');
INSERT INTO "django_admin_log" VALUES(165,'5','GenerarRuta object (5)',2,'[{"changed": {"fields": ["Estado de la Ruta"]}}]',14,5,'2022-11-11 15:51:36.194129');
INSERT INTO "django_admin_log" VALUES(166,'5','GenerarRuta object (5)',2,'[{"changed": {"fields": ["Estado de la Ruta"]}}]',14,5,'2022-11-11 15:55:41.529553');
INSERT INTO "django_admin_log" VALUES(167,'8','Jose Molina',2,'[{"changed": {"fields": ["Tipo de Usuario"]}}]',7,5,'2022-11-11 16:35:31.026626');
INSERT INTO "django_admin_log" VALUES(168,'5','GenerarRuta object (5)',2,'[{"changed": {"fields": ["Estado de la Ruta"]}}]',14,5,'2022-11-14 06:19:48.541349');
INSERT INTO "django_admin_log" VALUES(169,'5','GenerarRuta object (5)',2,'[{"changed": {"fields": ["Estado de la Ruta"]}}]',14,5,'2022-11-14 06:20:07.790218');
INSERT INTO "django_admin_log" VALUES(170,'5','GenerarRuta object (5)',2,'[{"changed": {"fields": ["Estado de la Ruta"]}}]',14,5,'2022-11-14 06:20:22.520358');
INSERT INTO "django_admin_log" VALUES(171,'5','GenerarRuta object (5)',2,'[{"changed": {"fields": ["Estado de la Ruta"]}}]',14,5,'2022-11-14 06:45:20.566308');
INSERT INTO "django_admin_log" VALUES(172,'5','GenerarRuta object (5)',2,'[{"changed": {"fields": ["Estado de la Ruta"]}}]',14,5,'2022-11-14 06:47:04.255342');
INSERT INTO "django_admin_log" VALUES(173,'5','GenerarRuta object (5)',2,'[{"changed": {"fields": ["Estado de la Ruta"]}}]',14,5,'2022-11-14 06:52:40.638142');
INSERT INTO "django_admin_log" VALUES(174,'5','GenerarRuta object (5)',2,'[{"changed": {"fields": ["Estado de la Ruta"]}}]',14,5,'2022-11-14 19:57:03.187116');
INSERT INTO "django_admin_log" VALUES(175,'5','GenerarRuta object (5)',2,'[{"changed": {"fields": ["Estado de la Ruta"]}}]',14,5,'2022-11-14 20:04:26.676669');
INSERT INTO "django_admin_log" VALUES(176,'1','RegistrarMantenimiento object (1)',2,'[{"changed": {"fields": ["Fecha del Mantenimiento"]}}]',13,5,'2022-11-15 19:53:14.605812');
INSERT INTO "django_admin_log" VALUES(177,'2','RegistrarMantenimiento object (2)',2,'[{"changed": {"fields": ["Fecha del Mantenimiento"]}}]',13,5,'2022-11-15 19:57:05.617422');
INSERT INTO "django_admin_log" VALUES(178,'3','RegistrarMantenimiento object (3)',2,'[{"changed": {"fields": ["Fecha del Mantenimiento"]}}]',13,5,'2022-11-15 19:57:35.191424');
INSERT INTO "django_admin_log" VALUES(179,'4','RegistrarMantenimiento object (4)',2,'[{"changed": {"fields": ["Fecha del Mantenimiento"]}}]',13,5,'2022-11-15 19:58:05.064167');
INSERT INTO "django_admin_log" VALUES(180,'4','RegistrarMantenimiento object (4)',2,'[{"changed": {"fields": ["Fecha del Mantenimiento"]}}]',13,5,'2022-11-15 20:04:32.678885');
INSERT INTO "django_admin_log" VALUES(181,'1','RegistrarMantenimiento object (1)',2,'[{"changed": {"fields": ["Fecha del Mantenimiento"]}}]',13,5,'2022-11-15 20:06:02.272216');
INSERT INTO "django_admin_log" VALUES(182,'5','RegistrarMantenimiento object (5)',2,'[{"changed": {"fields": ["Fecha del Mantenimiento"]}}]',13,5,'2022-11-15 20:09:45.144924');
INSERT INTO "django_admin_log" VALUES(183,'3','Silverio Vargas',2,'[{"changed": {"fields": ["Foto"]}}]',7,5,'2022-11-15 20:55:28.313445');
INSERT INTO "django_admin_log" VALUES(184,'7','Diego Briñez',2,'[{"changed": {"fields": ["Foto"]}}]',7,5,'2022-11-15 20:55:57.646513');
INSERT INTO "django_admin_log" VALUES(185,'8','Jose Molina',2,'[{"changed": {"fields": ["Foto"]}}]',7,5,'2022-11-15 20:56:08.356454');
INSERT INTO "django_admin_log" VALUES(186,'25','RegistrarMantenimiento object (25)',2,'[{"changed": {"fields": ["Fecha del Mantenimiento"]}}]',13,5,'2022-11-15 21:16:15.272494');
INSERT INTO "django_admin_log" VALUES(187,'18','RegistrarMantenimiento object (18)',2,'[{"changed": {"fields": ["Fecha del Mantenimiento"]}}]',13,5,'2022-11-15 22:19:29.444808');
INSERT INTO "django_admin_log" VALUES(188,'4','XDF-654',2,'[{"changed": {"fields": ["Fecha Inicio Soat", "Fecha Vencimiento Soat", "Fecha Inicio Tecnicomecanica", "Fecha Vencimiento Tecnicomecanica"]}}]',9,5,'2022-11-17 00:28:15.309629');
INSERT INTO "django_admin_log" VALUES(189,'4','XDF-654',2,'[{"changed": {"fields": ["Fecha Vencimiento Tecnicomecanica"]}}]',9,5,'2022-11-17 00:29:34.072821');
INSERT INTO "django_admin_log" VALUES(190,'1','RegistrarMantenimiento object (1)',2,'[{"changed": {"fields": ["AdjuntarArchivoMantenimiento"]}}]',13,5,'2022-11-17 01:17:06.190517');
INSERT INTO "django_admin_log" VALUES(191,'1','RegistrarMantenimiento object (1)',2,'[{"changed": {"fields": ["Descripci\u00f3n"]}}]',13,5,'2022-11-17 02:31:45.357973');
INSERT INTO "django_admin_log" VALUES(192,'13','RegistrarMantenimiento object (13)',2,'[{"changed": {"fields": ["Fecha del Mantenimiento"]}}]',13,5,'2022-11-17 15:26:25.931502');
INSERT INTO "django_admin_log" VALUES(193,'2','55555555',2,'[{"changed": {"fields": ["Serial Extintor"]}}]',10,5,'2022-11-17 15:43:25.677512');
INSERT INTO "django_admin_log" VALUES(194,'1','RegistrarMantenimiento object (1)',2,'[{"changed": {"fields": ["Fecha del Mantenimiento"]}}]',13,5,'2022-11-17 16:17:41.564225');
INSERT INTO "django_admin_log" VALUES(195,'1','Conductor',1,'[{"added": {}}]',3,5,'2022-11-17 16:46:00.340452');
INSERT INTO "django_admin_log" VALUES(196,'7','74770263',2,'[{"changed": {"fields": ["Groups"]}}]',4,5,'2022-11-17 16:46:10.005474');
INSERT INTO "django_admin_log" VALUES(197,'1','Conductor',2,'[]',3,5,'2022-11-17 16:47:27.627959');
INSERT INTO "django_admin_log" VALUES(198,'7','74770263',2,'[{"changed": {"fields": ["Superuser status"]}}]',4,5,'2022-11-17 16:48:32.023256');
INSERT INTO "django_admin_log" VALUES(199,'1','Conductor',2,'[]',3,5,'2022-11-17 16:51:07.628766');
INSERT INTO "django_admin_log" VALUES(200,'1','Conductor',2,'[{"changed": {"fields": ["Permissions"]}}]',3,5,'2022-11-17 16:51:16.246207');
INSERT INTO "django_admin_log" VALUES(201,'1','Conductor',2,'[{"changed": {"fields": ["Permissions"]}}]',3,5,'2022-11-17 16:51:36.257344');
INSERT INTO "django_admin_log" VALUES(202,'1','Conductor',2,'[]',3,5,'2022-11-17 16:51:36.980612');
INSERT INTO "django_admin_log" VALUES(203,'1','Conductor',2,'[]',3,5,'2022-11-17 16:51:37.337646');
INSERT INTO "django_admin_log" VALUES(204,'2','Funcionario',1,'[{"added": {}}]',3,5,'2022-11-17 17:04:11.921294');
INSERT INTO "django_admin_log" VALUES(205,'3','Administrador',1,'[{"added": {}}]',3,5,'2022-11-17 17:04:38.035951');
INSERT INTO "django_admin_log" VALUES(206,'3','Administrador',2,'[]',3,5,'2022-11-17 17:04:42.388293');
INSERT INTO "django_admin_log" VALUES(207,'12','RegistrarMantenimiento object (12)',2,'[{"changed": {"fields": ["Fecha del Mantenimiento"]}}]',13,5,'2022-11-17 20:12:13.077421');
INSERT INTO "django_admin_log" VALUES(208,'3','GenerarRuta object (3)',2,'[{"changed": {"fields": ["Hora de Regreso", "Fecha de Regreso", "Kilometraje Final", "Observaciones"]}}]',14,5,'2022-11-17 20:37:16.898264');
INSERT INTO "django_admin_log" VALUES(209,'3','GenerarRuta object (3)',2,'[{"changed": {"fields": ["Fecha de Regreso"]}}]',14,5,'2022-11-17 20:49:17.096678');
INSERT INTO "django_admin_log" VALUES(210,'12','GenerarRuta object (12)',2,'[{"changed": {"fields": ["Estado de la Ruta"]}}]',14,5,'2022-11-17 21:19:57.084382');
INSERT INTO "django_admin_log" VALUES(211,'12','GenerarRuta object (12)',2,'[{"changed": {"fields": ["Estado de la Ruta"]}}]',14,5,'2022-11-17 21:20:55.356129');
INSERT INTO "django_admin_log" VALUES(212,'11','GenerarRuta object (11)',3,'',14,5,'2022-11-17 21:27:29.987886');
INSERT INTO "django_admin_log" VALUES(213,'10','GenerarRuta object (10)',3,'',14,5,'2022-11-17 21:27:29.995025');
INSERT INTO "django_admin_log" VALUES(214,'9','GenerarRuta object (9)',3,'',14,5,'2022-11-17 21:27:29.998130');
INSERT INTO "django_admin_log" VALUES(215,'8','GenerarRuta object (8)',3,'',14,5,'2022-11-17 21:27:30.001653');
INSERT INTO "django_admin_log" VALUES(216,'12','GenerarRuta object (12)',2,'[{"changed": {"fields": ["Kilometraje Final"]}}]',14,5,'2022-11-17 21:27:55.210376');
INSERT INTO "django_admin_log" VALUES(217,'12','GenerarRuta object (12)',2,'[{"changed": {"fields": ["Fecha de Regreso"]}}]',14,5,'2022-11-17 21:28:45.658110');
INSERT INTO "django_admin_log" VALUES(218,'12','GenerarRuta object (12)',2,'[{"changed": {"fields": ["Fecha de Regreso"]}}]',14,5,'2022-11-17 21:31:15.352585');
INSERT INTO "django_admin_log" VALUES(219,'3','Silverio Vargas',3,'',7,5,'2022-11-18 18:24:24.343797');
INSERT INTO "django_admin_log" VALUES(220,'15','GenerarRuta object (15)',2,'[{"changed": {"fields": ["Hora de Regreso", "Kilometraje Final", "Observaciones"]}}]',14,5,'2022-11-20 04:22:13.846600');
INSERT INTO "django_admin_log" VALUES(221,'16','GenerarRuta object (16)',1,'[{"added": {}}]',14,5,'2022-11-20 04:26:45.809355');
INSERT INTO "django_admin_log" VALUES(222,'17','GenerarRuta object (17)',1,'[{"added": {}}]',14,5,'2022-11-20 04:31:39.303188');
INSERT INTO "django_admin_log" VALUES(223,'17','GenerarRuta object (17)',3,'',14,5,'2022-11-20 04:39:01.484800');
INSERT INTO "django_admin_log" VALUES(224,'9','Oscar oscar',3,'',7,5,'2022-11-20 06:06:01.431550');
INSERT INTO "django_admin_log" VALUES(225,'8','1234',3,'',4,5,'2022-11-20 06:06:09.347629');
INSERT INTO "django_admin_log" VALUES(226,'6','2',2,'[{"changed": {"fields": ["Estado"]}}]',9,5,'2022-11-20 08:32:40.685840');
INSERT INTO "django_admin_log" VALUES(227,'9','1234',3,'',4,5,'2022-11-20 18:18:10.584932');
INSERT INTO "django_admin_log" VALUES(228,'10','1234',3,'',4,5,'2022-11-20 18:45:30.093119');
INSERT INTO "django_admin_log" VALUES(229,'11','1234',3,'',4,5,'2022-11-20 19:04:20.685290');
INSERT INTO "django_admin_log" VALUES(230,'13','GenerarRuta object (13)',2,'[]',14,5,'2022-11-21 21:21:56.861426');
INSERT INTO "django_admin_log" VALUES(231,'13','GenerarRuta object (13)',2,'[{"changed": {"fields": ["Kilometraje Final"]}}]',14,5,'2022-11-21 21:27:12.231480');
INSERT INTO "django_admin_log" VALUES(232,'12','1234',3,'',4,5,'2022-11-22 21:20:30.586033');
INSERT INTO "django_admin_log" VALUES(233,'13','1234',3,'',4,5,'2022-11-22 21:21:52.567947');
INSERT INTO "django_admin_log" VALUES(234,'14','1234',3,'',4,5,'2022-11-22 21:22:28.587473');
INSERT INTO "django_admin_log" VALUES(235,'15','1234',3,'',4,5,'2022-11-22 21:24:42.045060');
INSERT INTO "django_admin_log" VALUES(236,'16','1234',2,'[{"changed": {"fields": ["password"]}}]',4,5,'2022-11-22 21:27:24.205893');
INSERT INTO "django_admin_log" VALUES(237,'2','Funcionario',2,'[{"changed": {"fields": ["Permissions"]}}]',3,5,'2022-11-22 21:34:06.857553');
INSERT INTO "django_admin_log" VALUES(238,'2','Funcionario',2,'[{"changed": {"fields": ["Permissions"]}}]',3,5,'2022-11-22 21:34:21.372988');
INSERT INTO "django_admin_log" VALUES(239,'2','Funcionario',2,'[{"changed": {"fields": ["Permissions"]}}]',3,5,'2022-11-22 21:34:46.853165');
INSERT INTO "django_admin_log" VALUES(240,'4','11223366',2,'[{"changed": {"fields": ["password"]}}]',4,5,'2022-11-23 01:02:45.754470');
INSERT INTO "django_admin_log" VALUES(241,'4','11223366',2,'[{"changed": {"fields": ["Groups"]}}]',4,5,'2022-11-23 01:03:04.318197');
INSERT INTO "django_admin_log" VALUES(242,'1','RegistrarMantenimiento object (1)',2,'[{"changed": {"fields": ["Fecha del Mantenimiento"]}}]',13,5,'2022-11-24 17:08:07.822295');
INSERT INTO "django_admin_log" VALUES(243,'1','record1',1,'[{"added": {}}]',22,5,'2022-11-24 17:46:20.243602');
INSERT INTO "django_admin_log" VALUES(244,'9','PRUEBA 3',2,'[{"changed": {"fields": ["Cantidad de Pasajeros"]}}]',9,5,'2022-11-24 21:55:55.529067');
INSERT INTO "django_admin_log" VALUES(245,'31','RegistrarMantenimiento object (31)',1,'[{"added": {}}]',13,5,'2022-11-25 19:42:47.451852');
INSERT INTO "django_admin_log" VALUES(246,'2','123456789',2,'[{"changed": {"fields": ["\u00bfExtintor usado?", "Mantenimiento"]}}]',19,5,'2022-11-25 19:46:30.430276');
INSERT INTO "django_admin_log" VALUES(247,'32','RegistrarMantenimiento object (32)',2,'[{"changed": {"fields": ["Fecha del Mantenimiento"]}}]',13,5,'2022-11-25 19:48:23.831468');
INSERT INTO "django_admin_log" VALUES(248,'32','RegistrarMantenimiento object (32)',2,'[{"changed": {"fields": ["Fecha del Mantenimiento"]}}]',13,5,'2022-11-25 19:49:06.530492');
INSERT INTO "django_admin_log" VALUES(249,'22','RegistrarMantenimiento object (22)',2,'[{"changed": {"fields": ["Fecha del Mantenimiento"]}}]',13,5,'2022-11-25 19:50:18.225625');
INSERT INTO "django_admin_log" VALUES(250,'4','XDF-654',2,'[{"changed": {"fields": ["Estado"]}}]',9,5,'2022-11-25 20:07:31.452753');
INSERT INTO "django_admin_log" VALUES(251,'5','Antony Botello',2,'[{"changed": {"fields": ["Estado"]}}]',7,5,'2022-11-25 20:16:24.775870');
INSERT INTO "django_admin_log" VALUES(252,'4','XDF-654',2,'[{"changed": {"fields": ["Estado"]}}]',9,5,'2022-11-25 20:21:29.581513');
INSERT INTO "django_admin_log" VALUES(253,'5','ASD-123',2,'[{"changed": {"fields": ["Estado"]}}]',9,5,'2022-11-25 20:21:48.781495');
INSERT INTO "django_admin_log" VALUES(254,'4','XDF-654',2,'[{"changed": {"fields": ["Estado"]}}]',9,5,'2022-11-25 20:22:01.099381');
INSERT INTO "django_admin_log" VALUES(255,'5','ASD-123',2,'[{"changed": {"fields": ["Estado"]}}]',9,5,'2022-11-25 20:22:04.867430');
INSERT INTO "django_admin_log" VALUES(256,'5','Antony Botello',2,'[{"changed": {"fields": ["Estado"]}}]',7,5,'2022-11-25 20:23:34.961231');
INSERT INTO "django_admin_log" VALUES(257,'5','Antony Botello',2,'[{"changed": {"fields": ["Estado"]}}]',7,5,'2022-11-25 20:23:54.603415');
INSERT INTO "django_admin_log" VALUES(258,'4','XDF-654',2,'[{"changed": {"fields": ["Estado"]}}]',9,5,'2022-11-26 00:16:36.418069');
INSERT INTO "django_admin_log" VALUES(259,'4','XDF-654',2,'[{"changed": {"fields": ["Estado"]}}]',9,5,'2022-11-26 00:16:47.359684');
INSERT INTO "django_admin_log" VALUES(260,'4','XDF-654',2,'[{"changed": {"fields": ["Estado"]}}]',9,5,'2022-11-26 00:17:16.855892');
INSERT INTO "django_admin_log" VALUES(261,'2','55555555',2,'[{"changed": {"fields": ["Estado"]}}]',10,5,'2022-11-26 00:17:30.248889');
INSERT INTO "django_admin_log" VALUES(262,'2','Lenovo',2,'[{"changed": {"fields": ["Estado"]}}]',11,5,'2022-11-26 00:17:45.228225');
INSERT INTO "django_admin_log" VALUES(263,'2','Lenovo',2,'[{"changed": {"fields": ["Estado"]}}]',11,5,'2022-11-26 00:28:01.101796');
INSERT INTO "django_admin_log" VALUES(264,'17','RegistrarMantenimiento object (17)',2,'[{"changed": {"fields": ["Fecha del Mantenimiento"]}}]',13,5,'2022-11-26 05:33:23.422416');
INSERT INTO "django_admin_log" VALUES(265,'17','RegistrarMantenimiento object (17)',2,'[{"changed": {"fields": ["Fecha del Mantenimiento"]}}]',13,5,'2022-11-26 05:33:32.714624');
INSERT INTO "django_admin_log" VALUES(266,'17','Oscar oscar',2,'[{"changed": {"fields": ["Estado"]}}]',7,5,'2022-11-26 06:14:01.244192');
INSERT INTO "django_admin_log" VALUES(267,'16','1234',3,'',4,5,'2022-11-26 06:16:49.263305');
INSERT INTO "django_admin_log" VALUES(268,'18','1234',3,'',4,5,'2022-11-26 06:18:43.443046');
INSERT INTO "django_admin_log" VALUES(269,'24','GenerarRuta object (24)',2,'[{"changed": {"fields": ["Estado de la Ruta"]}}]',14,7,'2022-11-26 06:37:25.526570');
INSERT INTO "django_admin_log" VALUES(270,'1','Antony Botello',2,'[{"changed": {"fields": ["Estado del pasajero"]}}]',16,7,'2022-11-26 06:38:35.503655');
INSERT INTO "django_admin_log" VALUES(271,'1','Antony Botello',2,'[{"changed": {"fields": ["Estado del pasajero"]}}]',16,7,'2022-11-26 06:38:42.233235');
INSERT INTO "django_admin_log" VALUES(272,'6','oscar oscar oscar',2,'[{"changed": {"fields": ["Estado del pasajero"]}}]',16,7,'2022-11-26 06:40:13.685738');
INSERT INTO "django_admin_log" VALUES(273,'6','oscar oscar oscar',2,'[{"changed": {"fields": ["Estado del pasajero"]}}]',16,7,'2022-11-26 06:40:57.141691');
CREATE UNIQUE INDEX "auth_group_permissions_group_id_permission_id_0cd325b0_uniq" ON "auth_group_permissions" ("group_id", "permission_id");
CREATE INDEX IF NOT EXISTS "auth_group_permissions_group_id_b120cbf9" ON "auth_group_permissions" ("group_id");
CREATE INDEX IF NOT EXISTS "auth_group_permissions_permission_id_84c5c92e" ON "auth_group_permissions" ("permission_id");
CREATE UNIQUE INDEX "auth_user_groups_user_id_group_id_94350c0c_uniq" ON "auth_user_groups" ("user_id", "group_id");
CREATE INDEX IF NOT EXISTS "auth_user_groups_user_id_6a12ed8b" ON "auth_user_groups" ("user_id");
CREATE INDEX IF NOT EXISTS "auth_user_groups_group_id_97559544" ON "auth_user_groups" ("group_id");
CREATE UNIQUE INDEX "auth_user_user_permissions_user_id_permission_id_14a6b632_uniq" ON "auth_user_user_permissions" ("user_id", "permission_id");
CREATE INDEX IF NOT EXISTS "auth_user_user_permissions_user_id_a95ead1b" ON "auth_user_user_permissions" ("user_id");
CREATE INDEX IF NOT EXISTS "auth_user_user_permissions_permission_id_1fbb5f2c" ON "auth_user_user_permissions" ("permission_id");
CREATE INDEX IF NOT EXISTS "django_admin_log_content_type_id_c4bce8eb" ON "django_admin_log" ("content_type_id");
CREATE INDEX IF NOT EXISTS "django_admin_log_user_id_c564eba6" ON "django_admin_log" ("user_id");
CREATE UNIQUE INDEX "django_content_type_app_label_model_76bd3d3b_uniq" ON "django_content_type" ("app_label", "model");
CREATE UNIQUE INDEX "auth_permission_content_type_id_codename_01ab375a_uniq" ON "auth_permission" ("content_type_id", "codename");
CREATE INDEX IF NOT EXISTS "auth_permission_content_type_id_2f476e4b" ON "auth_permission" ("content_type_id");
CREATE INDEX IF NOT EXISTS "django_session_expire_date_a5c62663" ON "django_session" ("expire_date");
CREATE INDEX IF NOT EXISTS "gestionActivos_detalleruta_fkPasajero_id_b7d73b7c" ON "gestionActivos_detalleruta" ("fkPasajero_id");
CREATE INDEX IF NOT EXISTS "gestionActivos_detalleruta_fkRuta_id_aeca3db9" ON "gestionActivos_detalleruta" ("fkRuta_id");
CREATE INDEX IF NOT EXISTS "gestionActivos_mantenimientovehiculo_fkRegistrarMantenimiento_id_49d0da75" ON "gestionActivos_mantenimientovehiculo" ("fkRegistrarMantenimiento_id");
CREATE INDEX IF NOT EXISTS "gestionActivos_mantenimientovehiculo_fkVehiculo_id_80566643" ON "gestionActivos_mantenimientovehiculo" ("fkVehiculo_id");
CREATE INDEX IF NOT EXISTS "gestionActivos_mantenimientoequipo_fkRegistrarMantenimiento_id_cc3a4d79" ON "gestionActivos_mantenimientoequipo" ("fkRegistrarMantenimiento_id");
CREATE INDEX IF NOT EXISTS "gestionActivos_mantenimientoequipo_fkEquipoOficina_id_c63a1422" ON "gestionActivos_mantenimientoequipo" ("fkEquipoOficina_id");
CREATE INDEX IF NOT EXISTS "gestionActivos_mantenimientoextintor_fkRegistrarMantenimiento_id_24f71c56" ON "gestionActivos_mantenimientoextintor" ("fkRegistrarMantenimiento_id");
CREATE INDEX IF NOT EXISTS "gestionActivos_mantenimientoextintor_fkExtintor_id_1e0e1cf4" ON "gestionActivos_mantenimientoextintor" ("fkExtintor_id");
CREATE INDEX IF NOT EXISTS "usuarios_usuario_user_id_27bf56db" ON "usuarios_usuario" ("user_id");
CREATE INDEX IF NOT EXISTS "gestionActivos_generarruta_fkUsuario_id_22295747" ON "gestionActivos_generarruta" ("fkUsuario_id");
CREATE INDEX IF NOT EXISTS "gestionActivos_generarruta_fkVehiculo_id_b1a22096" ON "gestionActivos_generarruta" ("fkVehiculo_id");
CREATE INDEX IF NOT EXISTS "gestionActivos_alarmas_fkEquipoOficina_id_be2e1cff" ON "gestionActivos_alarmas" ("fkEquipoOficina_id");
CREATE INDEX IF NOT EXISTS "gestionActivos_alarmas_fkExtintor_id_64f5be6a" ON "gestionActivos_alarmas" ("fkExtintor_id");
CREATE INDEX IF NOT EXISTS "gestionActivos_alarmas_fkVehiculo_id_d2fec6c8" ON "gestionActivos_alarmas" ("fkVehiculo_id");
CREATE TABLE IF NOT EXISTS "django_content_type" ("id" integer NOT NULL PRIMARY KEY AUTOINCREMENT, "app_label" varchar(100) NOT NULL, "model" varchar(100) NOT NULL);
INSERT INTO "django_content_type" VALUES(1,'admin','logentry');
INSERT INTO "django_content_type" VALUES(2,'auth','permission');
INSERT INTO "django_content_type" VALUES(3,'auth','group');
INSERT INTO "django_content_type" VALUES(4,'auth','user');
INSERT INTO "django_content_type" VALUES(5,'contenttypes','contenttype');
INSERT INTO "django_content_type" VALUES(6,'sessions','session');
INSERT INTO "django_content_type" VALUES(7,'usuarios','usuario');
INSERT INTO "django_content_type" VALUES(8,'activos','pasajero');
INSERT INTO "django_content_type" VALUES(9,'activos','activovehiculo');
INSERT INTO "django_content_type" VALUES(10,'activos','activoextintor');
INSERT INTO "django_content_type" VALUES(11,'activos','activoequipooficina');
INSERT INTO "django_content_type" VALUES(12,'gestionActivos','generaralarma');
INSERT INTO "django_content_type" VALUES(13,'gestionActivos','registrarmantenimiento');
INSERT INTO "django_content_type" VALUES(14,'gestionActivos','generarruta');
INSERT INTO "django_content_type" VALUES(15,'usuarios','permisos');
INSERT INTO "django_content_type" VALUES(16,'gestionActivos','pasajero');
INSERT INTO "django_content_type" VALUES(17,'gestionActivos','detalleruta');
INSERT INTO "django_content_type" VALUES(18,'gestionActivos','mantenimientovehiculo');
INSERT INTO "django_content_type" VALUES(19,'gestionActivos','mantenimientoextintor');
INSERT INTO "django_content_type" VALUES(20,'gestionActivos','mantenimientoequipo');
INSERT INTO "django_content_type" VALUES(21,'gestionActivos','alarmas');
INSERT INTO "django_content_type" VALUES(22,'records','record');
CREATE UNIQUE INDEX "auth_group_permissions_group_id_permission_id_0cd325b0_uniq" ON "auth_group_permissions" ("group_id", "permission_id");
CREATE INDEX IF NOT EXISTS "auth_group_permissions_group_id_b120cbf9" ON "auth_group_permissions" ("group_id");
CREATE INDEX IF NOT EXISTS "auth_group_permissions_permission_id_84c5c92e" ON "auth_group_permissions" ("permission_id");
CREATE UNIQUE INDEX "auth_user_groups_user_id_group_id_94350c0c_uniq" ON "auth_user_groups" ("user_id", "group_id");
CREATE INDEX IF NOT EXISTS "auth_user_groups_user_id_6a12ed8b" ON "auth_user_groups" ("user_id");
CREATE INDEX IF NOT EXISTS "auth_user_groups_group_id_97559544" ON "auth_user_groups" ("group_id");
CREATE UNIQUE INDEX "auth_user_user_permissions_user_id_permission_id_14a6b632_uniq" ON "auth_user_user_permissions" ("user_id", "permission_id");
CREATE INDEX IF NOT EXISTS "auth_user_user_permissions_user_id_a95ead1b" ON "auth_user_user_permissions" ("user_id");
CREATE INDEX IF NOT EXISTS "auth_user_user_permissions_permission_id_1fbb5f2c" ON "auth_user_user_permissions" ("permission_id");
CREATE INDEX IF NOT EXISTS "django_admin_log_content_type_id_c4bce8eb" ON "django_admin_log" ("content_type_id");
CREATE INDEX IF NOT EXISTS "django_admin_log_user_id_c564eba6" ON "django_admin_log" ("user_id");
CREATE UNIQUE INDEX "django_content_type_app_label_model_76bd3d3b_uniq" ON "django_content_type" ("app_label", "model");
CREATE UNIQUE INDEX "auth_permission_content_type_id_codename_01ab375a_uniq" ON "auth_permission" ("content_type_id", "codename");
CREATE INDEX IF NOT EXISTS "auth_permission_content_type_id_2f476e4b" ON "auth_permission" ("content_type_id");
CREATE INDEX IF NOT EXISTS "django_session_expire_date_a5c62663" ON "django_session" ("expire_date");
CREATE INDEX IF NOT EXISTS "gestionActivos_detalleruta_fkPasajero_id_b7d73b7c" ON "gestionActivos_detalleruta" ("fkPasajero_id");
CREATE INDEX IF NOT EXISTS "gestionActivos_detalleruta_fkRuta_id_aeca3db9" ON "gestionActivos_detalleruta" ("fkRuta_id");
CREATE INDEX IF NOT EXISTS "gestionActivos_mantenimientovehiculo_fkRegistrarMantenimiento_id_49d0da75" ON "gestionActivos_mantenimientovehiculo" ("fkRegistrarMantenimiento_id");
CREATE INDEX IF NOT EXISTS "gestionActivos_mantenimientovehiculo_fkVehiculo_id_80566643" ON "gestionActivos_mantenimientovehiculo" ("fkVehiculo_id");
CREATE INDEX IF NOT EXISTS "gestionActivos_mantenimientoequipo_fkRegistrarMantenimiento_id_cc3a4d79" ON "gestionActivos_mantenimientoequipo" ("fkRegistrarMantenimiento_id");
CREATE INDEX IF NOT EXISTS "gestionActivos_mantenimientoequipo_fkEquipoOficina_id_c63a1422" ON "gestionActivos_mantenimientoequipo" ("fkEquipoOficina_id");
CREATE INDEX IF NOT EXISTS "gestionActivos_mantenimientoextintor_fkRegistrarMantenimiento_id_24f71c56" ON "gestionActivos_mantenimientoextintor" ("fkRegistrarMantenimiento_id");
CREATE INDEX IF NOT EXISTS "gestionActivos_mantenimientoextintor_fkExtintor_id_1e0e1cf4" ON "gestionActivos_mantenimientoextintor" ("fkExtintor_id");
CREATE INDEX IF NOT EXISTS "usuarios_usuario_user_id_27bf56db" ON "usuarios_usuario" ("user_id");
CREATE INDEX IF NOT EXISTS "gestionActivos_generarruta_fkUsuario_id_22295747" ON "gestionActivos_generarruta" ("fkUsuario_id");
CREATE INDEX IF NOT EXISTS "gestionActivos_generarruta_fkVehiculo_id_b1a22096" ON "gestionActivos_generarruta" ("fkVehiculo_id");
CREATE INDEX IF NOT EXISTS "gestionActivos_alarmas_fkEquipoOficina_id_be2e1cff" ON "gestionActivos_alarmas" ("fkEquipoOficina_id");
CREATE INDEX IF NOT EXISTS "gestionActivos_alarmas_fkExtintor_id_64f5be6a" ON "gestionActivos_alarmas" ("fkExtintor_id");
CREATE INDEX IF NOT EXISTS "gestionActivos_alarmas_fkVehiculo_id_d2fec6c8" ON "gestionActivos_alarmas" ("fkVehiculo_id");
CREATE TABLE IF NOT EXISTS "django_migrations" ("id" integer NOT NULL PRIMARY KEY AUTOINCREMENT, "app" varchar(255) NOT NULL, "name" varchar(255) NOT NULL, "applied" datetime NOT NULL);
INSERT INTO "django_migrations" VALUES(1,'contenttypes','0001_initial','2022-10-01 02:17:55.690541');
INSERT INTO "django_migrations" VALUES(2,'auth','0001_initial','2022-10-01 02:17:55.708766');
INSERT INTO "django_migrations" VALUES(3,'admin','0001_initial','2022-10-01 02:17:55.722705');
INSERT INTO "django_migrations" VALUES(4,'admin','0002_logentry_remove_auto_add','2022-10-01 02:17:55.733749');
INSERT INTO "django_migrations" VALUES(5,'admin','0003_logentry_add_action_flag_choices','2022-10-01 02:17:55.741577');
INSERT INTO "django_migrations" VALUES(6,'contenttypes','0002_remove_content_type_name','2022-10-01 02:17:55.761051');
INSERT INTO "django_migrations" VALUES(7,'auth','0002_alter_permission_name_max_length','2022-10-01 02:17:55.772704');
INSERT INTO "django_migrations" VALUES(8,'auth','0003_alter_user_email_max_length','2022-10-01 02:17:55.783007');
INSERT INTO "django_migrations" VALUES(9,'auth','0004_alter_user_username_opts','2022-10-01 02:17:55.791984');
INSERT INTO "django_migrations" VALUES(10,'auth','0005_alter_user_last_login_null','2022-10-01 02:17:55.803090');
INSERT INTO "django_migrations" VALUES(11,'auth','0006_require_contenttypes_0002','2022-10-01 02:17:55.807881');
INSERT INTO "django_migrations" VALUES(12,'auth','0007_alter_validators_add_error_messages','2022-10-01 02:17:55.816699');
INSERT INTO "django_migrations" VALUES(13,'auth','0008_alter_user_username_max_length','2022-10-01 02:17:55.827992');
INSERT INTO "django_migrations" VALUES(14,'auth','0009_alter_user_last_name_max_length','2022-10-01 02:17:55.839576');
INSERT INTO "django_migrations" VALUES(15,'auth','0010_alter_group_name_max_length','2022-10-01 02:17:55.850073');
INSERT INTO "django_migrations" VALUES(16,'auth','0011_update_proxy_permissions','2022-10-01 02:17:55.858200');
INSERT INTO "django_migrations" VALUES(17,'auth','0012_alter_user_first_name_max_length','2022-10-01 02:17:55.869756');
INSERT INTO "django_migrations" VALUES(18,'sessions','0001_initial','2022-10-01 02:17:55.880060');
INSERT INTO "django_migrations" VALUES(19,'activos','0001_initial','2022-10-15 01:57:24.601933');
INSERT INTO "django_migrations" VALUES(20,'usuarios','0001_initial','2022-10-15 01:57:24.610800');
INSERT INTO "django_migrations" VALUES(21,'gestionActivos','0001_initial','2022-10-15 01:57:24.634651');
INSERT INTO "django_migrations" VALUES(22,'gestionActivos','0002_alter_generarruta_kilometrajefinalvehiculo_and_more','2022-10-15 02:00:00.768248');
INSERT INTO "django_migrations" VALUES(23,'usuarios','0002_permisos','2022-10-18 17:58:52.806318');
INSERT INTO "django_migrations" VALUES(24,'gestionActivos','0003_pasajero_alter_generarruta_fkpasajero','2022-10-18 18:14:25.911195');
INSERT INTO "django_migrations" VALUES(25,'activos','0002_delete_pasajero_and_more','2022-10-18 18:14:25.932944');
INSERT INTO "django_migrations" VALUES(26,'usuarios','0003_alter_usuario_segundoapellido_and_more','2022-10-18 18:14:25.943205');
INSERT INTO "django_migrations" VALUES(27,'usuarios','0004_delete_permisos','2022-10-18 22:22:06.786229');
INSERT INTO "django_migrations" VALUES(28,'activos','0002_remove_activoequipooficina_estado_and_more','2022-10-20 18:21:15.278752');
INSERT INTO "django_migrations" VALUES(29,'activos','0003_activoextintor_estado','2022-10-21 14:59:47.794152');
INSERT INTO "django_migrations" VALUES(30,'activos','0004_activoequipooficina_estado_activovehiculo_estado','2022-10-21 15:08:27.396705');
INSERT INTO "django_migrations" VALUES(31,'activos','0005_rename_estado_activoequipooficina_estadoequipo_and_more','2022-10-21 16:04:48.942087');
INSERT INTO "django_migrations" VALUES(32,'activos','0006_alter_activovehiculo_condicionvehiculo','2022-10-21 16:37:43.944313');
INSERT INTO "django_migrations" VALUES(33,'activos','0007_alter_activovehiculo_fechafinsoat_and_more','2022-10-25 21:57:46.402378');
INSERT INTO "django_migrations" VALUES(34,'gestionActivos','0002_remove_generarruta_fkpasajero_detalleruta','2022-10-25 21:57:46.449391');
INSERT INTO "django_migrations" VALUES(35,'gestionActivos','0003_alter_generarruta_descripcionruta_and_more','2022-10-26 00:28:14.674090');
INSERT INTO "django_migrations" VALUES(36,'usuarios','0002_alter_usuario_correoelectronico','2022-10-28 20:04:14.017625');
INSERT INTO "django_migrations" VALUES(37,'usuarios','0003_usuario_user','2022-10-28 22:01:18.780493');
INSERT INTO "django_migrations" VALUES(38,'usuarios','0004_usuario_foto','2022-11-01 17:44:14.592013');
INSERT INTO "django_migrations" VALUES(39,'usuarios','0005_alter_usuario_foto','2022-11-01 21:39:43.132607');
INSERT INTO "django_migrations" VALUES(40,'usuarios','0006_alter_usuario_foto','2022-11-01 21:41:30.563346');
INSERT INTO "django_migrations" VALUES(41,'usuarios','0007_alter_usuario_foto','2022-11-01 21:44:21.214521');
INSERT INTO "django_migrations" VALUES(42,'gestionActivos','0004_remove_registrarmantenimiento_fkidequipooficina_and_more','2022-11-01 21:58:56.081242');
INSERT INTO "django_migrations" VALUES(43,'gestionActivos','0005_registrarmantenimiento_adjuntararchivomantenimiento','2022-11-01 22:03:03.314031');
INSERT INTO "django_migrations" VALUES(44,'gestionActivos','0006_mantenimientoextintor_usado','2022-11-01 23:53:38.912884');
INSERT INTO "django_migrations" VALUES(45,'gestionActivos','0007_rename_fkidequipooficina_generaralarma_fkequipooficina_and_more','2022-11-02 03:33:03.771308');
INSERT INTO "django_migrations" VALUES(46,'gestionActivos','0008_alter_mantenimientoextintor_usado','2022-11-03 00:40:15.370674');
INSERT INTO "django_migrations" VALUES(47,'gestionActivos','0009_alter_generarruta_descripcionruta_and_more','2022-11-04 21:10:39.948094');
INSERT INTO "django_migrations" VALUES(48,'gestionActivos','0010_alter_generarruta_horaregreso_and_more','2022-11-04 21:18:49.918956');
INSERT INTO "django_migrations" VALUES(49,'gestionActivos','0011_alter_generarruta_horasalida','2022-11-06 20:27:36.574758');
INSERT INTO "django_migrations" VALUES(50,'gestionActivos','0012_alter_generarruta_horasalida','2022-11-06 20:28:28.927963');
INSERT INTO "django_migrations" VALUES(51,'gestionActivos','0013_pasajero_estadopasajero','2022-11-07 19:45:59.666938');
INSERT INTO "django_migrations" VALUES(52,'gestionActivos','0014_generarruta_estadoruta','2022-11-10 17:37:11.200928');
INSERT INTO "django_migrations" VALUES(53,'gestionActivos','0015_alter_generarruta_estadoruta','2022-11-10 17:40:28.587285');
INSERT INTO "django_migrations" VALUES(54,'gestionActivos','0016_alter_generarruta_estadoruta','2022-11-10 20:21:15.804779');
INSERT INTO "django_migrations" VALUES(55,'usuarios','0008_alter_usuario_foto','2022-11-13 01:02:05.938018');
INSERT INTO "django_migrations" VALUES(56,'usuarios','0009_alter_usuario_foto','2022-11-13 01:02:05.951858');
INSERT INTO "django_migrations" VALUES(57,'usuarios','0010_alter_usuario_foto','2022-11-13 01:02:05.966564');
INSERT INTO "django_migrations" VALUES(58,'activos','0008_activoequipooficina_fotoequipo_and_more','2022-11-15 17:42:11.775112');
INSERT INTO "django_migrations" VALUES(59,'activos','0009_rename_fotoequipo_activovehiculo_fotovehiculo','2022-11-15 17:49:54.089248');
INSERT INTO "django_migrations" VALUES(60,'activos','0010_activoextintor_fechaproximarecarga','2022-11-15 19:14:10.203764');
INSERT INTO "django_migrations" VALUES(61,'activos','0011_activoextintor_fechaultimarecarga_and_more','2022-11-15 19:15:08.591251');
INSERT INTO "django_migrations" VALUES(62,'activos','0012_activovehiculo_fechaproximomantenimiento','2022-11-15 19:18:10.144373');
INSERT INTO "django_migrations" VALUES(63,'activos','0013_activoequipooficina_fechaproximarevision','2022-11-15 19:20:40.753320');
INSERT INTO "django_migrations" VALUES(64,'activos','0014_alter_activoextintor_fotoextintor','2022-11-15 20:42:32.929202');
INSERT INTO "django_migrations" VALUES(65,'activos','0015_alter_activoextintor_fotoextintor','2022-11-15 20:44:57.477868');
INSERT INTO "django_migrations" VALUES(66,'activos','0016_remove_activoequipooficina_fechaproximarevision_and_more','2022-11-15 21:03:22.336222');
INSERT INTO "django_migrations" VALUES(67,'activos','0017_activoextintor_fechaultimarecarga','2022-11-17 04:16:24.153633');
INSERT INTO "django_migrations" VALUES(68,'gestionActivos','0017_alter_generarruta_kilometrajefinalvehiculo','2022-11-17 20:52:29.528589');
INSERT INTO "django_migrations" VALUES(69,'activos','0018_alter_activoequipooficina_memoriaequipo_and_more','2022-11-20 00:15:48.523306');
INSERT INTO "django_migrations" VALUES(70,'activos','0019_alter_activoextintor_pesoextintor','2022-11-20 02:23:23.423892');
INSERT INTO "django_migrations" VALUES(71,'activos','0020_alter_activoequipooficina_componentesadicionales','2022-11-20 02:26:51.492075');
INSERT INTO "django_migrations" VALUES(72,'activos','0021_activoequipooficina_fechaingresoequipo_and_more','2022-11-20 04:48:56.519680');
INSERT INTO "django_migrations" VALUES(73,'gestionActivos','0018_alter_registrarmantenimiento_descripcionmantenimiento','2022-11-20 06:32:58.575951');
INSERT INTO "django_migrations" VALUES(74,'gestionActivos','0019_alter_generarruta_descripcionruta','2022-11-20 16:08:39.240753');
INSERT INTO "django_migrations" VALUES(75,'gestionActivos','0020_alter_generarruta_observacionesruta','2022-11-20 16:13:35.646930');
INSERT INTO "django_migrations" VALUES(76,'gestionActivos','0021_alarmas_delete_generaralarma','2022-11-21 16:58:11.695995');
INSERT INTO "django_migrations" VALUES(77,'records','0001_initial','2022-11-24 17:40:33.026398');
INSERT INTO "django_migrations" VALUES(78,'activos','0022_alter_activovehiculo_serialvehiculo','2022-11-26 05:19:32.602164');
CREATE UNIQUE INDEX "auth_group_permissions_group_id_permission_id_0cd325b0_uniq" ON "auth_group_permissions" ("group_id", "permission_id");
CREATE INDEX IF NOT EXISTS "auth_group_permissions_group_id_b120cbf9" ON "auth_group_permissions" ("group_id");
CREATE INDEX IF NOT EXISTS "auth_group_permissions_permission_id_84c5c92e" ON "auth_group_permissions" ("permission_id");
CREATE UNIQUE INDEX "auth_user_groups_user_id_group_id_94350c0c_uniq" ON "auth_user_groups" ("user_id", "group_id");
CREATE INDEX IF NOT EXISTS "auth_user_groups_user_id_6a12ed8b" ON "auth_user_groups" ("user_id");
CREATE INDEX IF NOT EXISTS "auth_user_groups_group_id_97559544" ON "auth_user_groups" ("group_id");
CREATE UNIQUE INDEX "auth_user_user_permissions_user_id_permission_id_14a6b632_uniq" ON "auth_user_user_permissions" ("user_id", "permission_id");
CREATE INDEX IF NOT EXISTS "auth_user_user_permissions_user_id_a95ead1b" ON "auth_user_user_permissions" ("user_id");
CREATE INDEX IF NOT EXISTS "auth_user_user_permissions_permission_id_1fbb5f2c" ON "auth_user_user_permissions" ("permission_id");
CREATE INDEX IF NOT EXISTS "django_admin_log_content_type_id_c4bce8eb" ON "django_admin_log" ("content_type_id");
CREATE INDEX IF NOT EXISTS "django_admin_log_user_id_c564eba6" ON "django_admin_log" ("user_id");
CREATE UNIQUE INDEX "django_content_type_app_label_model_76bd3d3b_uniq" ON "django_content_type" ("app_label", "model");
CREATE UNIQUE INDEX "auth_permission_content_type_id_codename_01ab375a_uniq" ON "auth_permission" ("content_type_id", "codename");
CREATE INDEX IF NOT EXISTS "auth_permission_content_type_id_2f476e4b" ON "auth_permission" ("content_type_id");
CREATE INDEX IF NOT EXISTS "django_session_expire_date_a5c62663" ON "django_session" ("expire_date");
CREATE INDEX IF NOT EXISTS "gestionActivos_detalleruta_fkPasajero_id_b7d73b7c" ON "gestionActivos_detalleruta" ("fkPasajero_id");
CREATE INDEX IF NOT EXISTS "gestionActivos_detalleruta_fkRuta_id_aeca3db9" ON "gestionActivos_detalleruta" ("fkRuta_id");
CREATE INDEX IF NOT EXISTS "gestionActivos_mantenimientovehiculo_fkRegistrarMantenimiento_id_49d0da75" ON "gestionActivos_mantenimientovehiculo" ("fkRegistrarMantenimiento_id");
CREATE INDEX IF NOT EXISTS "gestionActivos_mantenimientovehiculo_fkVehiculo_id_80566643" ON "gestionActivos_mantenimientovehiculo" ("fkVehiculo_id");
CREATE INDEX IF NOT EXISTS "gestionActivos_mantenimientoequipo_fkRegistrarMantenimiento_id_cc3a4d79" ON "gestionActivos_mantenimientoequipo" ("fkRegistrarMantenimiento_id");
CREATE INDEX IF NOT EXISTS "gestionActivos_mantenimientoequipo_fkEquipoOficina_id_c63a1422" ON "gestionActivos_mantenimientoequipo" ("fkEquipoOficina_id");
CREATE INDEX IF NOT EXISTS "gestionActivos_mantenimientoextintor_fkRegistrarMantenimiento_id_24f71c56" ON "gestionActivos_mantenimientoextintor" ("fkRegistrarMantenimiento_id");
CREATE INDEX IF NOT EXISTS "gestionActivos_mantenimientoextintor_fkExtintor_id_1e0e1cf4" ON "gestionActivos_mantenimientoextintor" ("fkExtintor_id");
CREATE INDEX IF NOT EXISTS "usuarios_usuario_user_id_27bf56db" ON "usuarios_usuario" ("user_id");
CREATE INDEX IF NOT EXISTS "gestionActivos_generarruta_fkUsuario_id_22295747" ON "gestionActivos_generarruta" ("fkUsuario_id");
CREATE INDEX IF NOT EXISTS "gestionActivos_generarruta_fkVehiculo_id_b1a22096" ON "gestionActivos_generarruta" ("fkVehiculo_id");
CREATE INDEX IF NOT EXISTS "gestionActivos_alarmas_fkEquipoOficina_id_be2e1cff" ON "gestionActivos_alarmas" ("fkEquipoOficina_id");
CREATE INDEX IF NOT EXISTS "gestionActivos_alarmas_fkExtintor_id_64f5be6a" ON "gestionActivos_alarmas" ("fkExtintor_id");
CREATE INDEX IF NOT EXISTS "gestionActivos_alarmas_fkVehiculo_id_d2fec6c8" ON "gestionActivos_alarmas" ("fkVehiculo_id");
CREATE TABLE IF NOT EXISTS "django_session" ("session_key" varchar(40) NOT NULL PRIMARY KEY, "session_data" text NOT NULL, "expire_date" datetime NOT NULL);
INSERT INTO "django_session" VALUES('djc36tq22eoabfmdgareo5bdnz4c8b8h','.eJxVjMEOwiAQRP-FsyFskQIevfsNZGEXqRpISnsy_rtt0oMeZ96beYuA61LC2nkOE4mLAHH67SKmJ9cd0APrvcnU6jJPUe6KPGiXt0b8uh7u30HBXra10oYIDHrUMTk3KshkPERteKBsfFLWoQOH5zyy54R2C9kymAxaDVZ8vuGsN64:1olHGl:hnEv3oFq2cef5fRwXVO9AUwYaKjDBdpAQDpkwYwcrgk','2022-11-02 22:10:35.067603');
INSERT INTO "django_session" VALUES('rmrv8s0h28k0kznx5bjp4kws8pdk4e7b','.eJxVjEEOwiAQRe_C2pBCYBxcuvcMZBgGqRqalHbVeHdt0oVu_3vvbyrSutS4dpnjmNVFWXX63RLxU9oO8oPafdI8tWUek94VfdCub1OW1_Vw_w4q9fqt0zlzAMpiXbGcikdGJCkEMhhy4Eig-BRcKIzGe4TBIYNxAJ7ZgHp_ABLkOEk:1oozEd:tVo6fiiQwJjnY36JFCyb4UMnURBcZdUUL5uDsimxvYI','2022-11-13 03:43:43.967330');
INSERT INTO "django_session" VALUES('mnw6rdzvpbbnmaie0pdjateabsfaui2x','.eJxVjMEOwiAQRP-FsyFskQIevfsNZGEXqRpISnsy_rtt0oMeZ96beYuA61LC2nkOE4mLAHH67SKmJ9cd0APrvcnU6jJPUe6KPGiXt0b8uh7u30HBXra10oYIDHrUMTk3KshkPERteKBsfFLWoQOH5zyy54R2C9kymAxaDVZ8vuGsN64:1or3lF:QGHXfyBRx3CX_0UVRJYpKdWAIMEtvHK3Yvd9nys1RA4','2022-11-18 20:57:57.658729');
INSERT INTO "django_session" VALUES('2dg3mepuzvke51spigojjqal0w1rv1yt','.eJxVjDsOwyAQBe9CHSFYAWunTJ8zoIVdBycRlvyprNw9WHKRtDPz3q4ibWuJ2yJzHFldlVeXX5Yov6Qegp9UH5POU13nMekj0add9H1ied_O9u-g0FLaOtgggQY0mNEMwsn53oIFBiQLBiAblM414xH6PHCXRBrpHLFxQOrzBd3jOAQ:1otXbP:9xFWnWLv1BA6Up0neski1iHHHPDT64l6YV_omQ1yoCA','2022-11-25 17:14:03.018790');
INSERT INTO "django_session" VALUES('s480rt4id6nd6vyjlopx9z7zlq2wushh','.eJxVjDsOwjAQBe_iGlm7sdcfSnrOYPmzwgFkS3FSIe4OkVJA-2bmvUSI21rDNngJcxFnQeL0u6WYH9x2UO6x3brMva3LnOSuyIMOee2Fn5fD_TuocdRvjQhKu-zRTcl4MgzgDSsLOJWUNCgCAGKEYkmp4shoNGQBdLKZGcX7A5OENdk:1ovOfu:RfQCO7JJnVsj4h0yejnEOQF4063unI8DA14j2jCbQSE','2022-11-16 22:53:02.114084');
INSERT INTO "django_session" VALUES('vub4hq1654j8xt359dq0kjuauvsr37v4','.eJxVjDsOwjAQBe_iGlmJvfhDSZ8zWOvdNQ6gRIqTCnF3iJQC2jcz76USbmtNW5MljawuyqvT75aRHjLtgO843WZN87QuY9a7og_a9DCzPK-H-3dQsdVvDQa8QzY9ecoiUShawxAsCuRQwHGHvkCgM1qbXQFwIbqIErjLPRX1_gD25jh4:1ovi29:0zjdq9sSdMmu56v98WYfrc-kMQFR4tp_bQzwOFBRNNE','2022-12-01 16:46:37.886552');
INSERT INTO "django_session" VALUES('rq26h00vnnu54wfooxhwf32blu6fa1z1','.eJxVjDsOwjAQBe_iGlmJvfhDSZ8zWOvdNQ6gRIqTCnF3iJQC2jcz76USbmtNW5MljawuyqvT75aRHjLtgO843WZN87QuY9a7og_a9DCzPK-H-3dQsdVvDQa8QzY9ecoiUShawxAsCuRQwHGHvkCgM1qbXQFwIbqIErjLPRX1_gD25jh4:1oxDZu:Wx9NeO_F8lpwTPTDcUeeN1KHNPeWxvH01FI3SxO1B_k','2022-11-21 20:39:47.519431');
INSERT INTO "django_session" VALUES('ekj8z9g1sw6uofljsanhs57zpkstzwsj','.eJxVjDsOwjAQBe_iGlmJvfhDSZ8zWOvdNQ6gRIqTCnF3iJQC2jcz76USbmtNW5MljawuyqvT75aRHjLtgO843WZN87QuY9a7og_a9DCzPK-H-3dQsdVvDQa8QzY9ecoiUShawxAsCuRQwHGHvkCgM1qbXQFwIbqIErjLPRX1_gD25jh4:1oxDaP:yK9lgDHpJ6eTf0oWi0L3xX39VhhElcxueJqShmS2SyQ','2022-11-21 20:40:18.724499');
INSERT INTO "django_session" VALUES('gz844k1ky5qibzt4zexyrgks0bifxkzr','.eJxVjDsOwjAQBe_iGlm7sdcfSnrOYPmzwgFkS3FSIe4OkVJA-2bmvUSI21rDNngJcxFnQeL0u6WYH9x2UO6x3brMva3LnOSuyIMOee2Fn5fD_TuocdRvjQhKu-zRTcl4MgzgDSsLOJWUNCgCAGKEYkmp4shoNGQBdLKZGcX7A5OENdk:1oxFhU:dU2DM2sXtYA0aVo9Sy9fDjzQMzdQZQHw1uS6TRChMKQ','2022-11-21 23:00:00.730570');
INSERT INTO "django_session" VALUES('mwv2vf1lnhu2qxj6vos0cwm0av4yq99c','.eJxVjDsOwjAQBe_iGlmJvfhDSZ8zWOvdNQ6gRIqTCnF3iJQC2jcz76USbmtNW5MljawuyqvT75aRHjLtgO843WZN87QuY9a7og_a9DCzPK-H-3dQsdVvDQa8QzY9ecoiUShawxAsCuRQwHGHvkCgM1qbXQFwIbqIErjLPRX1_gD25jh4:1oxEqM:TF805lxHFd8KtYaEp22LdtM15GA-UKID97lmymSfmDA','2022-11-22 11:54:06.207154');
INSERT INTO "django_session" VALUES('q614rgn41siehg3vwdd2m9anhql8nm2w','.eJxVjDsOwjAQBe_iGlm7sdcfSnrOYPmzwgFkS3FSIe4OkVJA-2bmvUSI21rDNngJcxFnQeL0u6WYH9x2UO6x3brMva3LnOSuyIMOee2Fn5fD_TuocdRvjQhKu-zRTcl4MgzgDSsLOJWUNCgCAGKEYkmp4shoNGQBdLKZGcX7A5OENdk:1oxUsk:pIAak6ikgNQoM86AIKEzpIwwyqSzVoZzJ6NkdcbaOGs','2022-11-22 15:12:38.749100');
INSERT INTO "django_session" VALUES('n1rj1urym4brxm7lknavn0hqwsrx19ve','.eJxVjDsOwjAQBe_iGlm7sdcfSnrOYPmzwgFkS3FSIe4OkVJA-2bmvUSI21rDNngJcxFnQeL0u6WYH9x2UO6x3brMva3LnOSuyIMOee2Fn5fD_TuocdRvjQhKu-zRTcl4MgzgDSsLOJWUNCgCAGKEYkmp4shoNGQBdLKZGcX7A5OENdk:1oxX4d:zLVfWvspzCforgri-c9DzawDK6Ajz6YoGI1Op93ZelA','2022-11-22 17:33:03.081077');
INSERT INTO "django_session" VALUES('ecjkq0sxmvtqxewepeaeon2fudc6px42','.eJxVjDsOwjAQBe_iGlm7sdcfSnrOYPmzwgFkS3FSIe4OkVJA-2bmvUSI21rDNngJcxFnQeL0u6WYH9x2UO6x3brMva3LnOSuyIMOee2Fn5fD_TuocdRvjQhKu-zRTcl4MgzgDSsLOJWUNCgCAGKEYkmp4shoNGQBdLKZGcX7A5OENdk:1oxXsx:e-6w8MxMHmtSm6H84JsSkGA3QwIBeCljXFXTFn3xJ48','2022-11-22 18:25:03.059378');
INSERT INTO "django_session" VALUES('c2bwfv8ayd6yoexqiem71lat99jxuaxq','.eJxVjDsOwjAQBe_iGlm7sdcfSnrOYPmzwgFkS3FSIe4OkVJA-2bmvUSI21rDNngJcxFnQeL0u6WYH9x2UO6x3brMva3LnOSuyIMOee2Fn5fD_TuocdRvjQhKu-zRTcl4MgzgDSsLOJWUNCgCAGKEYkmp4shoNGQBdLKZGcX7A5OENdk:1oxYYk:T5SdpfFvBVJdRpFRZRDjKWf4RIiSdcdPQbZnNaOhQv4','2022-11-22 19:08:14.441146');
INSERT INTO "django_session" VALUES('zctb0h0vfvrx4s9q17sl62vffwraqnuq','.eJxVjDsOwjAQBe_iGlm7sdcfSnrOYPmzwgFkS3FSIe4OkVJA-2bmvUSI21rDNngJcxFnQeL0u6WYH9x2UO6x3brMva3LnOSuyIMOee2Fn5fD_TuocdRvjQhKu-zRTcl4MgzgDSsLOJWUNCgCAGKEYkmp4shoNGQBdLKZGcX7A5OENdk:1oxZiD:xd2RvyZHOoGEGwS7uodqRNCJ5wY0aCJaiWz6uyJRFec','2022-11-22 20:22:05.892903');
INSERT INTO "django_session" VALUES('dj4f3bhlw7ho9gtz4mp8a3rnj4uej753','.eJxVjDsOwjAQBe_iGlm7sdcfSnrOYPmzwgFkS3FSIe4OkVJA-2bmvUSI21rDNngJcxFnQeL0u6WYH9x2UO6x3brMva3LnOSuyIMOee2Fn5fD_TuocdRvjQhKu-zRTcl4MgzgDSsLOJWUNCgCAGKEYkmp4shoNGQBdLKZGcX7A5OENdk:1oxZtL:vsPI92Wj8IJtlBmBMMHlR-zafBKyUvx4nnQzs4UInD8','2022-11-22 20:33:35.722513');
INSERT INTO "django_session" VALUES('z7z11e2a4t4w69nk6gvpwjku2eq3nily','.eJxVjDsOwjAQBe_iGlm7sdcfSnrOYPmzwgFkS3FSIe4OkVJA-2bmvUSI21rDNngJcxFnQeL0u6WYH9x2UO6x3brMva3LnOSuyIMOee2Fn5fD_TuocdRvjQhKu-zRTcl4MgzgDSsLOJWUNCgCAGKEYkmp4shoNGQBdLKZGcX7A5OENdk:1oxaAp:N-EH3hXzp2WS3zRE56kbmNPgzncBszCgTvmkbPG9QSo','2022-11-22 20:51:39.002597');
INSERT INTO "django_session" VALUES('x5p0k9ve6z45y2n10evt86s4m4n8wjb3','.eJxVjDsOwjAQBe_iGlm7sdcfSnrOYPmzwgFkS3FSIe4OkVJA-2bmvUSI21rDNngJcxFnQeL0u6WYH9x2UO6x3brMva3LnOSuyIMOee2Fn5fD_TuocdRvjQhKu-zRTcl4MgzgDSsLOJWUNCgCAGKEYkmp4shoNGQBdLKZGcX7A5OENdk:1oxaPc:nJDas3R4sCPjTe9m9SOkKHny7Lyz71fLQ2279zKaPTo','2022-11-22 21:06:56.928379');
INSERT INTO "django_session" VALUES('gvln9bqlhnlkkzth6tpho2amioacm7m0','.eJxVjDsOwjAQBe_iGlm7sdcfSnrOYPmzwgFkS3FSIe4OkVJA-2bmvUSI21rDNngJcxFnQeL0u6WYH9x2UO6x3brMva3LnOSuyIMOee2Fn5fD_TuocdRvjQhKu-zRTcl4MgzgDSsLOJWUNCgCAGKEYkmp4shoNGQBdLKZGcX7A5OENdk:1oxaWd:6NxPjWOwbHmn0Yz9F9GBYBgHBN1efqZ28gZq8M9OL6A','2022-11-22 21:14:11.809705');
INSERT INTO "django_session" VALUES('zg0jkshdg0p21pt4f5x8wdd7hrm3xo3m','.eJxVjDsOwjAQBe_iGlm7sdcfSnrOYPmzwgFkS3FSIe4OkVJA-2bmvUSI21rDNngJcxFnQeL0u6WYH9x2UO6x3brMva3LnOSuyIMOee2Fn5fD_TuocdRvjQhKu-zRTcl4MgzgDSsLOJWUNCgCAGKEYkmp4shoNGQBdLKZGcX7A5OENdk:1oxauk:Lef7X0jB0ucoLQUl4zjflVnBDYl13siV6f_PYo2NTGM','2022-11-22 21:39:06.932927');
INSERT INTO "django_session" VALUES('pave5l85t2h3ujdwghhiku46iqnbof8b','.eJxVjDEOwjAMRe-SGUWNoyQ1IztniGzHoQXUSk07Ie4OlTrA-t97_2UybeuQt6ZLHos5GxfN6XdkkodOOyl3mm6zlXlal5HtrtiDNnudiz4vh_t3MFAbvnUIUlAAHfaQAJNG9tAV1o5TqFWCOCUkBWZE11fvNIKngAVi79mZ9wcJ_DgU:1oxazA:TK4m3BC3aDbi2hAc1nkLpO4VrRBGl6oQ7Z1kLUtVYZc','2022-11-22 21:43:40.867023');
INSERT INTO "django_session" VALUES('nz7y7hmzt7vfq3eza7prajv06zwrt8s5','.eJxVjDEOwjAMRe-SGUWNoyQ1IztniGzHoQXUSk07Ie4OlTrA-t97_2UybeuQt6ZLHos5GxfN6XdkkodOOyl3mm6zlXlal5HtrtiDNnudiz4vh_t3MFAbvnUIUlAAHfaQAJNG9tAV1o5TqFWCOCUkBWZE11fvNIKngAVi79mZ9wcJ_DgU:1oxbCS:6n93s0uuVg6bAGwXCKqV08u8iwHLrrVLOjGVPpCB5XI','2022-11-22 21:57:24.929236');
INSERT INTO "django_session" VALUES('kjkss4imm62no7rqcvpo9xr7vk3vg8pp','.eJxVjDsOwjAQBe_iGlm7sdcfSnrOYPmzwgFkS3FSIe4OkVJA-2bmvUSI21rDNngJcxFnQeL0u6WYH9x2UO6x3brMva3LnOSuyIMOee2Fn5fD_TuocdRvjQhKu-zRTcl4MgzgDSsLOJWUNCgCAGKEYkmp4shoNGQBdLKZGcX7A5OENdk:1oxc3A:8Kk86omIt96qUs-P85hHckCerFJ_BXPqiaXITLgmW6g','2022-11-22 22:51:52.930674');
INSERT INTO "django_session" VALUES('hszc7upc9dnpr7jrhdwatrk8xvbz5qhh','.eJxVjDsOwjAQBe_iGlm7sdcfSnrOYPmzwgFkS3FSIe4OkVJA-2bmvUSI21rDNngJcxFnQeL0u6WYH9x2UO6x3brMva3LnOSuyIMOee2Fn5fD_TuocdRvjQhKu-zRTcl4MgzgDSsLOJWUNCgCAGKEYkmp4shoNGQBdLKZGcX7A5OENdk:1oxcFq:BLMNnkv8PIaqP3JOeMvW8J0t-pW-rO7SJ5bnbHuPziI','2022-11-22 23:04:58.591375');
INSERT INTO "django_session" VALUES('n8sniqzz5nzha5oiv3eh046v01r7oj3w','.eJxVjDsOwjAQBe_iGlm7sdcfSnrOYPmzwgFkS3FSIe4OkVJA-2bmvUSI21rDNngJcxFnQeL0u6WYH9x2UO6x3brMva3LnOSuyIMOee2Fn5fD_TuocdRvjQhKu-zRTcl4MgzgDSsLOJWUNCgCAGKEYkmp4shoNGQBdLKZGcX7A5OENdk:1oxdNq:0oussD3_fxmhsP54gndXiwhVt_iJe99uhZ4F8YgI-Gk','2022-11-23 00:17:18.258363');
INSERT INTO "django_session" VALUES('ejzbefqbh3zwkojjbvytnov9c3mwx1z4','.eJxVjDsOwjAQBe_iGlmJvfhDSZ8zWOvdNQ6gRIqTCnF3iJQC2jcz76USbmtNW5MljawuyqvT75aRHjLtgO843WZN87QuY9a7og_a9DCzPK-H-3dQsdVvDQa8QzY9ecoiUShawxAsCuRQwHGHvkCgM1qbXQFwIbqIErjLPRX1_gD25jh4:1oxdMv:U7Bt8VRlrkm-h1fgtQixcGg5wXIEsGXfOoE3hWhueUQ','2022-11-23 00:16:21.710844');
INSERT INTO "django_session" VALUES('y0608puf48ttoh5zor78kgm94td7ahng','.eJxVjDsOwjAQBe_iGlm7sdcfSnrOYPmzwgFkS3FSIe4OkVJA-2bmvUSI21rDNngJcxFnQeL0u6WYH9x2UO6x3brMva3LnOSuyIMOee2Fn5fD_TuocdRvjQhKu-zRTcl4MgzgDSsLOJWUNCgCAGKEYkmp4shoNGQBdLKZGcX7A5OENdk:1oxdoI:jhaPGBZDVhBOGoCJeAT8KbEyh3oIL0uzNMLOdu4VMz4','2022-11-23 00:44:38.360893');
INSERT INTO "django_session" VALUES('lddwi394wrinnd8oulbimu3wq2fvor6g','.eJxVjDsOwjAQBe_iGlmJvfhDSZ8zWOvdNQ6gRIqTCnF3iJQC2jcz76USbmtNW5MljawuyqvT75aRHjLtgO843WZN87QuY9a7og_a9DCzPK-H-3dQsdVvDQa8QzY9ecoiUShawxAsCuRQwHGHvkCgM1qbXQFwIbqIErjLPRX1_gD25jh4:1oxe0f:GOOk4zyX7mLGfo3em-csR0RMm8mtpZbtF3rH8JIMba8','2022-11-23 00:57:25.505445');
INSERT INTO "django_session" VALUES('6aqk49aysnjltabgmc8iqj2yka0q5fpr','.eJxVjDsOwjAQBe_iGlm7sdcfSnrOYPmzwgFkS3FSIe4OkVJA-2bmvUSI21rDNngJcxFnQeL0u6WYH9x2UO6x3brMva3LnOSuyIMOee2Fn5fD_TuocdRvjQhKu-zRTcl4MgzgDSsLOJWUNCgCAGKEYkmp4shoNGQBdLKZGcX7A5OENdk:1oxeDM:kEdbM8Od9uRAkJO0_q2ccht67CAewM-nxWAYUIaVe_4','2022-11-23 01:10:32.884581');
INSERT INTO "django_session" VALUES('u6ks28je7ue60oopo6whvk3uxmk1cmvr','.eJxVjEEOwiAQAP_C2RAqIODRe99AlmVXqgaS0p6MfzckPeh1ZjJvEWHfStw7rXHJ4iqMOP2yBPikOkR-QL03ia1u65LkSORhu5xbptftaP8GBXoZW5e9IwQgFQxCRgZDxofEoM7sGFHZEBB0Cuwu5AknbScdbHaJtbPi8wUhzzkM:1oxeCf:_6UIvb4S6NWGxv_aASDlbLHpxWY_vqUXMICR5FAriHo','2022-11-23 01:09:49.090724');
INSERT INTO "django_session" VALUES('rbs1c6r7smcbtlzf51jb4w3mbb4pe6l3','.eJxVjDsOwjAQBe_iGlm7sdcfSnrOYPmzwgFkS3FSIe4OkVJA-2bmvUSI21rDNngJcxFnQeL0u6WYH9x2UO6x3brMva3LnOSuyIMOee2Fn5fD_TuocdRvjQhKu-zRTcl4MgzgDSsLOJWUNCgCAGKEYkmp4shoNGQBdLKZGcX7A5OENdk:1oxemE:mSLT6OuFlRDfv9ZNpfsW5xOx9yNRb8gJh4ygWIPefFs','2022-11-23 01:50:54.666933');
INSERT INTO "django_session" VALUES('bgfd81gn871vhpzmwpbt8z9t9gtwicky','.eJxVjDsOwjAQBe_iGlm7sdcfSnrOYPmzwgFkS3FSIe4OkVJA-2bmvUSI21rDNngJcxFnQeL0u6WYH9x2UO6x3brMva3LnOSuyIMOee2Fn5fD_TuocdRvjQhKu-zRTcl4MgzgDSsLOJWUNCgCAGKEYkmp4shoNGQBdLKZGcX7A5OENdk:1oxf6b:Te5RimIQUrT7Y6Dq70LzRpJz_iB8lypKaqOZI4GNNjg','2022-11-23 02:11:57.039553');
INSERT INTO "django_session" VALUES('7f42o4inpod320u64d7p79pc9j0f1ows','.eJxVjDsOwjAQBe_iGlm7sdcfSnrOYPmzwgFkS3FSIe4OkVJA-2bmvUSI21rDNngJcxFnQeL0u6WYH9x2UO6x3brMva3LnOSuyIMOee2Fn5fD_TuocdRvjQhKu-zRTcl4MgzgDSsLOJWUNCgCAGKEYkmp4shoNGQBdLKZGcX7A5OENdk:1oxsnj:_dS8k5R_ysJDZetYypFw-5DBCwrHsGiA58KLxEWkA3g','2022-11-23 16:49:23.825459');
INSERT INTO "django_session" VALUES('p9tnxzk1vxdldgliii7ldhe5nejez6e8','.eJxVjDsOwjAQBe_iGlm7sdcfSnrOYPmzwgFkS3FSIe4OkVJA-2bmvUSI21rDNngJcxFnQeL0u6WYH9x2UO6x3brMva3LnOSuyIMOee2Fn5fD_TuocdRvjQhKu-zRTcl4MgzgDSsLOJWUNCgCAGKEYkmp4shoNGQBdLKZGcX7A5OENdk:1oxx8V:ypuNwqn_5mAYY2ZgZTm4G88OUPgwDkuJX0cgoDJOVys','2022-11-23 21:27:07.329306');
INSERT INTO "django_session" VALUES('l7646oexb7g2jg4ubt0t1k7hnzafuo8p','.eJxVjDsOwjAQBe_iGlm7sdcfSnrOYPmzwgFkS3FSIe4OkVJA-2bmvUSI21rDNngJcxFnQeL0u6WYH9x2UO6x3brMva3LnOSuyIMOee2Fn5fD_TuocdRvjQhKu-zRTcl4MgzgDSsLOJWUNCgCAGKEYkmp4shoNGQBdLKZGcX7A5OENdk:1oxxO7:_JNXJmYbZcpta5zyE2zC4nwZOxknqsWs_-dGE2S1Vgg','2022-11-23 21:43:15.569568');
INSERT INTO "django_session" VALUES('f9qjcik1e4eyp87x2c450b8e7ntbluvi','.eJxVjDsOwjAQBe_iGlm7sdcfSnrOYPmzwgFkS3FSIe4OkVJA-2bmvUSI21rDNngJcxFnQeL0u6WYH9x2UO6x3brMva3LnOSuyIMOee2Fn5fD_TuocdRvjQhKu-zRTcl4MgzgDSsLOJWUNCgCAGKEYkmp4shoNGQBdLKZGcX7A5OENdk:1oxxsw:8vt8zXx8MirxKMh46CjyTN8sv3MPg8VFBhJAo5Riip4','2022-11-23 22:15:06.510649');
INSERT INTO "django_session" VALUES('k3anizbz8a8o603yhi5hwq0d3f6ztge9','.eJxVjDsOwjAQBe_iGlm7sdcfSnrOYPmzwgFkS3FSIe4OkVJA-2bmvUSI21rDNngJcxFnQeL0u6WYH9x2UO6x3brMva3LnOSuyIMOee2Fn5fD_TuocdRvjQhKu-zRTcl4MgzgDSsLOJWUNCgCAGKEYkmp4shoNGQBdLKZGcX7A5OENdk:1oxyIX:wtZNIz1u4c6DHEuW4JRTudrAOBotyADP_Kn1ChiPMSA','2022-11-23 22:41:33.061816');
INSERT INTO "django_session" VALUES('17ut9x6jgs9wih1o6gsco0qjsgw4824y','.eJxVjDsOwjAQBe_iGlm7sdcfSnrOYPmzwgFkS3FSIe4OkVJA-2bmvUSI21rDNngJcxFnQeL0u6WYH9x2UO6x3brMva3LnOSuyIMOee2Fn5fD_TuocdRvjQhKu-zRTcl4MgzgDSsLOJWUNCgCAGKEYkmp4shoNGQBdLKZGcX7A5OENdk:1oxyzq:K5o_bGJOsiOvgqM9XYVil_VhC58UH2u89V13UKZ69pY','2022-11-23 23:26:18.679370');
INSERT INTO "django_session" VALUES('nixd4e5iysdlie4afia0kz0h6m7i5xci','e30:1oxzKj:rFMVtwqdaKux-y25glpBwzu9n9QzAlMU07_158sENLA','2022-11-23 23:47:53.520534');
INSERT INTO "django_session" VALUES('apj31ztqasylu4gqcuejigd5g4150x7g','.eJxVjDsOwjAQBe_iGlm7sdcfSnrOYPmzwgFkS3FSIe4OkVJA-2bmvUSI21rDNngJcxFnQeL0u6WYH9x2UO6x3brMva3LnOSuyIMOee2Fn5fD_TuocdRvjQhKu-zRTcl4MgzgDSsLOJWUNCgCAGKEYkmp4shoNGQBdLKZGcX7A5OENdk:1oxzjY:GSvuD2Mm63gcI5uMp-EoupEhx1vyX5Bq8LrUS4N23y0','2022-11-24 00:13:32.047789');
INSERT INTO "django_session" VALUES('jdvb5ueycdcememr98hrvuo17hh1dggw','.eJxVjDsOwjAQBe_iGlm7sdcfSnrOYPmzwgFkS3FSIe4OkVJA-2bmvUSI21rDNngJcxFnQeL0u6WYH9x2UO6x3brMva3LnOSuyIMOee2Fn5fD_TuocdRvjQhKu-zRTcl4MgzgDSsLOJWUNCgCAGKEYkmp4shoNGQBdLKZGcX7A5OENdk:1oy3ty:K_a6xwj8RgMeD4lPwEh_hK0FM7ivCkF9_0St5C1xdOI','2022-11-24 04:40:34.568727');
INSERT INTO "django_session" VALUES('xm8vht8q4ig539terj9rv91vavp4l3i1','.eJxVjDsOwjAQBe_iGlm7sdcfSnrOYPmzwgFkS3FSIe4OkVJA-2bmvUSI21rDNngJcxFnQeL0u6WYH9x2UO6x3brMva3LnOSuyIMOee2Fn5fD_TuocdRvjQhKu-zRTcl4MgzgDSsLOJWUNCgCAGKEYkmp4shoNGQBdLKZGcX7A5OENdk:1oyFtv:71cBczf2HCJ0EEByO-C20QE1x6uSpODBnFpOHbU_7lc','2022-11-24 17:29:19.295802');
INSERT INTO "django_session" VALUES('2banjqolsext8vvquxn83tjhenougaj0','.eJxVjDsOwjAQBe_iGlm7sdcfSnrOYPmzwgFkS3FSIe4OkVJA-2bmvUSI21rDNngJcxFnQeL0u6WYH9x2UO6x3brMva3LnOSuyIMOee2Fn5fD_TuocdRvjQhKu-zRTcl4MgzgDSsLOJWUNCgCAGKEYkmp4shoNGQBdLKZGcX7A5OENdk:1oyGK1:2qGNPUOdtFuowIpb07HXJkcuE0_Y48edgej4B0WYTWM','2022-11-24 17:56:17.714860');
INSERT INTO "django_session" VALUES('ytjtc03s8g5tjg65v8t8j5jeqv22g1wt','.eJxVjDsOwjAQBe_iGlm7sdcfSnrOYPmzwgFkS3FSIe4OkVJA-2bmvUSI21rDNngJcxFnQeL0u6WYH9x2UO6x3brMva3LnOSuyIMOee2Fn5fD_TuocdRvjQhKu-zRTcl4MgzgDSsLOJWUNCgCAGKEYkmp4shoNGQBdLKZGcX7A5OENdk:1oyGv8:hR8RIjvl1akHr1Fzu2UOO_NGmVfrAh4X2wUdAI-oXaw','2022-11-24 18:34:38.913903');
INSERT INTO "django_session" VALUES('rmdtgjsqy0jd9odwur0t2lj5v277eucl','.eJxVjDsOwjAQBe_iGlm7sdcfSnrOYPmzwgFkS3FSIe4OkVJA-2bmvUSI21rDNngJcxFnQeL0u6WYH9x2UO6x3brMva3LnOSuyIMOee2Fn5fD_TuocdRvjQhKu-zRTcl4MgzgDSsLOJWUNCgCAGKEYkmp4shoNGQBdLKZGcX7A5OENdk:1oyKWV:s6b5quKzu75NMhCXH4lOkZg6zVim5fUfyl9Su3BZFKk','2022-11-24 22:25:27.971796');
INSERT INTO "django_session" VALUES('0suxmsonqk5g4xokkl9d3jplfu36tlcb','.eJxVjDsOwjAQBe_iGlmJvfhDSZ8zWOvdNQ6gRIqTCnF3iJQC2jcz76USbmtNW5MljawuyqvT75aRHjLtgO843WZN87QuY9a7og_a9DCzPK-H-3dQsdVvDQa8QzY9ecoiUShawxAsCuRQwHGHvkCgM1qbXQFwIbqIErjLPRX1_gD25jh4:1oyKCM:4aaOc-_EH_uCek7RHdoR69mcPVEWFJ6uB22GuX2kdhk','2022-11-24 22:04:38.707900');
INSERT INTO "django_session" VALUES('fta65gwaklmnsta9ob1lnxa6kviwcrmj','.eJxVjDsOwjAQBe_iGlmJvfhDSZ8zWOvdNQ6gRIqTCnF3iJQC2jcz76USbmtNW5MljawuyqvT75aRHjLtgO843WZN87QuY9a7og_a9DCzPK-H-3dQsdVvDQa8QzY9ecoiUShawxAsCuRQwHGHvkCgM1qbXQFwIbqIErjLPRX1_gD25jh4:1oyKpK:uoCUSzBh7DQ4nVYTf2unxw-wfJBzvAxMsbcJtBVP7Zs','2022-11-24 22:44:54.432536');
INSERT INTO "django_session" VALUES('c230eugjtl57o4380f4mvqcycx4o3fg3','.eJxVjDsOwjAQBe_iGlm7sdcfSnrOYPmzwgFkS3FSIe4OkVJA-2bmvUSI21rDNngJcxFnQeL0u6WYH9x2UO6x3brMva3LnOSuyIMOee2Fn5fD_TuocdRvjQhKu-zRTcl4MgzgDSsLOJWUNCgCAGKEYkmp4shoNGQBdLKZGcX7A5OENdk:1oyejs:U7KA0Hze8KyG8gB2sPVJ85kVUYp7uONEJSXEsqRy2n4','2022-11-25 20:00:36.279983');
INSERT INTO "django_session" VALUES('ujkomftdg91r4m85135k3jyyxl4jxqbh','.eJxVjDsOwjAQBe_iGlmJvfhDSZ8zWOvdNQ6gRIqTCnF3iJQC2jcz76USbmtNW5MljawuyqvT75aRHjLtgO843WZN87QuY9a7og_a9DCzPK-H-3dQsdVvDQa8QzY9ecoiUShawxAsCuRQwHGHvkCgM1qbXQFwIbqIErjLPRX1_gD25jh4:1oyesm:TPiuOnF73KG7I3k5BfMjUm1ZJ5jU0dA8C9O6epMV7pw','2022-11-25 20:09:48.440770');
INSERT INTO "django_session" VALUES('4cosi3flb99o4vud20vhay0xo7ow321g','.eJxVjDsOwjAQBe_iGlm7sdcfSnrOYPmzwgFkS3FSIe4OkVJA-2bmvUSI21rDNngJcxFnQeL0u6WYH9x2UO6x3brMva3LnOSuyIMOee2Fn5fD_TuocdRvjQhKu-zRTcl4MgzgDSsLOJWUNCgCAGKEYkmp4shoNGQBdLKZGcX7A5OENdk:1oyfbE:fZ8fui0w6k2COTJnK24jtA1jxqgcu3B2TYlK0TzK_Ig','2022-11-25 20:55:44.106433');
INSERT INTO "django_session" VALUES('0kp6j3290kbuy1okcqk7mo1t0fxga11o','.eJxVjDsOwjAQBe_iGlm7sdcfSnrOYPmzwgFkS3FSIe4OkVJA-2bmvUSI21rDNngJcxFnQeL0u6WYH9x2UO6x3brMva3LnOSuyIMOee2Fn5fD_TuocdRvjQhKu-zRTcl4MgzgDSsLOJWUNCgCAGKEYkmp4shoNGQBdLKZGcX7A5OENdk:1oyh4C:MG-l_7nxUQWgifSoVUXd7Ll3QkPBapAEcUgZuFXKdR4','2022-11-25 22:29:44.609909');
INSERT INTO "django_session" VALUES('rcsbt8zl7clognuhqci6s7vdvcvsmtnp','.eJxVjDsOwjAQBe_iGlm7sdcfSnrOYPmzwgFkS3FSIe4OkVJA-2bmvUSI21rDNngJcxFnQeL0u6WYH9x2UO6x3brMva3LnOSuyIMOee2Fn5fD_TuocdRvjQhKu-zRTcl4MgzgDSsLOJWUNCgCAGKEYkmp4shoNGQBdLKZGcX7A5OENdk:1oyj9D:_22nyassAXX4aDhrfkIdOOmqy1fwOsW2GEXxy0Uf7J8','2022-11-26 00:43:03.004402');
INSERT INTO "django_session" VALUES('0v8lp3umxqh9t2zi47utl6s7u694zqbw','.eJxVjDsOwjAQBe_iGlmJvfhDSZ8zWOvdNQ6gRIqTCnF3iJQC2jcz76USbmtNW5MljawuyqvT75aRHjLtgO843WZN87QuY9a7og_a9DCzPK-H-3dQsdVvDQa8QzY9ecoiUShawxAsCuRQwHGHvkCgM1qbXQFwIbqIErjLPRX1_gD25jh4:1oyixA:b6LljqzvHI6QCKjWZsfanaHLDiaP_XYE3eE2m2BHUe0','2022-11-26 00:30:36.858470');
INSERT INTO "django_session" VALUES('q34v2rmvio8up3lvfjf919d3lou5mzdt','.eJxVjDsOwjAQBe_iGlm7sdcfSnrOYPmzwgFkS3FSIe4OkVJA-2bmvUSI21rDNngJcxFnQeL0u6WYH9x2UO6x3brMva3LnOSuyIMOee2Fn5fD_TuocdRvjQhKu-zRTcl4MgzgDSsLOJWUNCgCAGKEYkmp4shoNGQBdLKZGcX7A5OENdk:1oykXc:Uvl-6Kq-tv8ylhIAlop9z5q1CSIeQnKItjY15B2P0J4','2022-11-26 02:12:20.277286');
INSERT INTO "django_session" VALUES('l3wrzzd2o9ol3gksgs588beiaaq7fgz2','.eJxVjDsOwjAQBe_iGlm7sdcfSnrOYPmzwgFkS3FSIe4OkVJA-2bmvUSI21rDNngJcxFnQeL0u6WYH9x2UO6x3brMva3LnOSuyIMOee2Fn5fD_TuocdRvjQhKu-zRTcl4MgzgDSsLOJWUNCgCAGKEYkmp4shoNGQBdLKZGcX7A5OENdk:1oynxX:XY6bENaevJ_jpUSRHLXEQbnkFkZDEWqjP9MGnxr3H40','2022-11-26 05:51:19.082579');
INSERT INTO "django_session" VALUES('qgfbb8d8i0gixbfe7er2j5cy6h9cgabo','.eJxVjDsOwjAQBe_iGlmJvfhDSZ8zWOvdNQ6gRIqTCnF3iJQC2jcz76USbmtNW5MljawuyqvT75aRHjLtgO843WZN87QuY9a7og_a9DCzPK-H-3dQsdVvDQa8QzY9ecoiUShawxAsCuRQwHGHvkCgM1qbXQFwIbqIErjLPRX1_gD25jh4:1oyo7l:SL9mJp_S-DCR5AcN37DLBt7n5dq35neyupaGnYoE5yI','2022-11-26 06:01:53.025581');
INSERT INTO "django_session" VALUES('qved26vnxp44xcw0g2e6v22mfwy9mcvq','.eJxVjDsOwjAQBe_iGlmJvfhDSZ8zWOvdNQ6gRIqTCnF3iJQC2jcz76USbmtNW5MljawuyqvT75aRHjLtgO843WZN87QuY9a7og_a9DCzPK-H-3dQsdVvDQa8QzY9ecoiUShawxAsCuRQwHGHvkCgM1qbXQFwIbqIErjLPRX1_gD25jh4:1oyoI4:dzg_Drtx7CvBJXTMk5iModImqCP6Ixw55DHBjzOGzz0','2022-11-26 06:12:32.256195');
INSERT INTO "django_session" VALUES('ly8aaexsknhpl3mniwfpip9bhhxn9lp0','.eJxVjDsOwjAQBe_iGlm7sdcfSnrOYPmzwgFkS3FSIe4OkVJA-2bmvUSI21rDNngJcxFnQeL0u6WYH9x2UO6x3brMva3LnOSuyIMOee2Fn5fD_TuocdRvjQhKu-zRTcl4MgzgDSsLOJWUNCgCAGKEYkmp4shoNGQBdLKZGcX7A5OENdk:1oyo8c:DUJPDhl6Sf0mu1-1jAQyuuXd3ioSSxaUzOfDdECnTJY','2022-11-26 06:02:46.320375');
INSERT INTO "django_session" VALUES('gb7oyp1yirk0gv9p9rjvc3ufwuybgpsy','.eJxVjDsOwjAQBe_iGlm7sdcfSnrOYPmzwgFkS3FSIe4OkVJA-2bmvUSI21rDNngJcxFnQeL0u6WYH9x2UO6x3brMva3LnOSuyIMOee2Fn5fD_TuocdRvjQhKu-zRTcl4MgzgDSsLOJWUNCgCAGKEYkmp4shoNGQBdLKZGcX7A5OENdk:1oyotY:ZHCrS-fFV7-uYOlwYurnDKOj49uMzqmPsMpLeeriY_g','2022-11-26 06:51:16.101628');
CREATE UNIQUE INDEX "auth_group_permissions_group_id_permission_id_0cd325b0_uniq" ON "auth_group_permissions" ("group_id", "permission_id");
CREATE INDEX IF NOT EXISTS "auth_group_permissions_group_id_b120cbf9" ON "auth_group_permissions" ("group_id");
CREATE INDEX IF NOT EXISTS "auth_group_permissions_permission_id_84c5c92e" ON "auth_group_permissions" ("permission_id");
CREATE UNIQUE INDEX "auth_user_groups_user_id_group_id_94350c0c_uniq" ON "auth_user_groups" ("user_id", "group_id");
CREATE INDEX IF NOT EXISTS "auth_user_groups_user_id_6a12ed8b" ON "auth_user_groups" ("user_id");
CREATE INDEX IF NOT EXISTS "auth_user_groups_group_id_97559544" ON "auth_user_groups" ("group_id");
CREATE UNIQUE INDEX "auth_user_user_permissions_user_id_permission_id_14a6b632_uniq" ON "auth_user_user_permissions" ("user_id", "permission_id");
CREATE INDEX IF NOT EXISTS "auth_user_user_permissions_user_id_a95ead1b" ON "auth_user_user_permissions" ("user_id");
CREATE INDEX IF NOT EXISTS "auth_user_user_permissions_permission_id_1fbb5f2c" ON "auth_user_user_permissions" ("permission_id");
CREATE INDEX IF NOT EXISTS "django_admin_log_content_type_id_c4bce8eb" ON "django_admin_log" ("content_type_id");
CREATE INDEX IF NOT EXISTS "django_admin_log_user_id_c564eba6" ON "django_admin_log" ("user_id");
CREATE UNIQUE INDEX "django_content_type_app_label_model_76bd3d3b_uniq" ON "django_content_type" ("app_label", "model");
CREATE UNIQUE INDEX "auth_permission_content_type_id_codename_01ab375a_uniq" ON "auth_permission" ("content_type_id", "codename");
CREATE INDEX IF NOT EXISTS "auth_permission_content_type_id_2f476e4b" ON "auth_permission" ("content_type_id");
CREATE INDEX IF NOT EXISTS "django_session_expire_date_a5c62663" ON "django_session" ("expire_date");
CREATE INDEX IF NOT EXISTS "gestionActivos_detalleruta_fkPasajero_id_b7d73b7c" ON "gestionActivos_detalleruta" ("fkPasajero_id");
CREATE INDEX IF NOT EXISTS "gestionActivos_detalleruta_fkRuta_id_aeca3db9" ON "gestionActivos_detalleruta" ("fkRuta_id");
CREATE INDEX IF NOT EXISTS "gestionActivos_mantenimientovehiculo_fkRegistrarMantenimiento_id_49d0da75" ON "gestionActivos_mantenimientovehiculo" ("fkRegistrarMantenimiento_id");
CREATE INDEX IF NOT EXISTS "gestionActivos_mantenimientovehiculo_fkVehiculo_id_80566643" ON "gestionActivos_mantenimientovehiculo" ("fkVehiculo_id");
CREATE INDEX IF NOT EXISTS "gestionActivos_mantenimientoequipo_fkRegistrarMantenimiento_id_cc3a4d79" ON "gestionActivos_mantenimientoequipo" ("fkRegistrarMantenimiento_id");
CREATE INDEX IF NOT EXISTS "gestionActivos_mantenimientoequipo_fkEquipoOficina_id_c63a1422" ON "gestionActivos_mantenimientoequipo" ("fkEquipoOficina_id");
CREATE INDEX IF NOT EXISTS "gestionActivos_mantenimientoextintor_fkRegistrarMantenimiento_id_24f71c56" ON "gestionActivos_mantenimientoextintor" ("fkRegistrarMantenimiento_id");
CREATE INDEX IF NOT EXISTS "gestionActivos_mantenimientoextintor_fkExtintor_id_1e0e1cf4" ON "gestionActivos_mantenimientoextintor" ("fkExtintor_id");
CREATE INDEX IF NOT EXISTS "usuarios_usuario_user_id_27bf56db" ON "usuarios_usuario" ("user_id");
CREATE INDEX IF NOT EXISTS "gestionActivos_generarruta_fkUsuario_id_22295747" ON "gestionActivos_generarruta" ("fkUsuario_id");
CREATE INDEX IF NOT EXISTS "gestionActivos_generarruta_fkVehiculo_id_b1a22096" ON "gestionActivos_generarruta" ("fkVehiculo_id");
CREATE INDEX IF NOT EXISTS "gestionActivos_alarmas_fkEquipoOficina_id_be2e1cff" ON "gestionActivos_alarmas" ("fkEquipoOficina_id");
CREATE INDEX IF NOT EXISTS "gestionActivos_alarmas_fkExtintor_id_64f5be6a" ON "gestionActivos_alarmas" ("fkExtintor_id");
CREATE INDEX IF NOT EXISTS "gestionActivos_alarmas_fkVehiculo_id_d2fec6c8" ON "gestionActivos_alarmas" ("fkVehiculo_id");
CREATE TABLE IF NOT EXISTS "gestionActivos_alarmas" ("id" integer NOT NULL PRIMARY KEY AUTOINCREMENT, "fkEquipoOficina_id" bigint NOT NULL REFERENCES "activos_activoequipooficina" ("id") DEFERRABLE INITIALLY DEFERRED, "fkExtintor_id" bigint NOT NULL REFERENCES "activos_activoextintor" ("id") DEFERRABLE INITIALLY DEFERRED, "fkVehiculo_id" bigint NOT NULL REFERENCES "activos_activovehiculo" ("id") DEFERRABLE INITIALLY DEFERRED);
CREATE UNIQUE INDEX "auth_group_permissions_group_id_permission_id_0cd325b0_uniq" ON "auth_group_permissions" ("group_id", "permission_id");
CREATE INDEX IF NOT EXISTS "auth_group_permissions_group_id_b120cbf9" ON "auth_group_permissions" ("group_id");
CREATE INDEX IF NOT EXISTS "auth_group_permissions_permission_id_84c5c92e" ON "auth_group_permissions" ("permission_id");
CREATE UNIQUE INDEX "auth_user_groups_user_id_group_id_94350c0c_uniq" ON "auth_user_groups" ("user_id", "group_id");
CREATE INDEX IF NOT EXISTS "auth_user_groups_user_id_6a12ed8b" ON "auth_user_groups" ("user_id");
CREATE INDEX IF NOT EXISTS "auth_user_groups_group_id_97559544" ON "auth_user_groups" ("group_id");
CREATE UNIQUE INDEX "auth_user_user_permissions_user_id_permission_id_14a6b632_uniq" ON "auth_user_user_permissions" ("user_id", "permission_id");
CREATE INDEX IF NOT EXISTS "auth_user_user_permissions_user_id_a95ead1b" ON "auth_user_user_permissions" ("user_id");
CREATE INDEX IF NOT EXISTS "auth_user_user_permissions_permission_id_1fbb5f2c" ON "auth_user_user_permissions" ("permission_id");
CREATE INDEX IF NOT EXISTS "django_admin_log_content_type_id_c4bce8eb" ON "django_admin_log" ("content_type_id");
CREATE INDEX IF NOT EXISTS "django_admin_log_user_id_c564eba6" ON "django_admin_log" ("user_id");
CREATE UNIQUE INDEX "django_content_type_app_label_model_76bd3d3b_uniq" ON "django_content_type" ("app_label", "model");
CREATE UNIQUE INDEX "auth_permission_content_type_id_codename_01ab375a_uniq" ON "auth_permission" ("content_type_id", "codename");
CREATE INDEX IF NOT EXISTS "auth_permission_content_type_id_2f476e4b" ON "auth_permission" ("content_type_id");
CREATE INDEX IF NOT EXISTS "django_session_expire_date_a5c62663" ON "django_session" ("expire_date");
CREATE INDEX IF NOT EXISTS "gestionActivos_detalleruta_fkPasajero_id_b7d73b7c" ON "gestionActivos_detalleruta" ("fkPasajero_id");
CREATE INDEX IF NOT EXISTS "gestionActivos_detalleruta_fkRuta_id_aeca3db9" ON "gestionActivos_detalleruta" ("fkRuta_id");
CREATE INDEX IF NOT EXISTS "gestionActivos_mantenimientovehiculo_fkRegistrarMantenimiento_id_49d0da75" ON "gestionActivos_mantenimientovehiculo" ("fkRegistrarMantenimiento_id");
CREATE INDEX IF NOT EXISTS "gestionActivos_mantenimientovehiculo_fkVehiculo_id_80566643" ON "gestionActivos_mantenimientovehiculo" ("fkVehiculo_id");
CREATE INDEX IF NOT EXISTS "gestionActivos_mantenimientoequipo_fkRegistrarMantenimiento_id_cc3a4d79" ON "gestionActivos_mantenimientoequipo" ("fkRegistrarMantenimiento_id");
CREATE INDEX IF NOT EXISTS "gestionActivos_mantenimientoequipo_fkEquipoOficina_id_c63a1422" ON "gestionActivos_mantenimientoequipo" ("fkEquipoOficina_id");
CREATE INDEX IF NOT EXISTS "gestionActivos_mantenimientoextintor_fkRegistrarMantenimiento_id_24f71c56" ON "gestionActivos_mantenimientoextintor" ("fkRegistrarMantenimiento_id");
CREATE INDEX IF NOT EXISTS "gestionActivos_mantenimientoextintor_fkExtintor_id_1e0e1cf4" ON "gestionActivos_mantenimientoextintor" ("fkExtintor_id");
CREATE INDEX IF NOT EXISTS "usuarios_usuario_user_id_27bf56db" ON "usuarios_usuario" ("user_id");
CREATE INDEX IF NOT EXISTS "gestionActivos_generarruta_fkUsuario_id_22295747" ON "gestionActivos_generarruta" ("fkUsuario_id");
CREATE INDEX IF NOT EXISTS "gestionActivos_generarruta_fkVehiculo_id_b1a22096" ON "gestionActivos_generarruta" ("fkVehiculo_id");
CREATE INDEX IF NOT EXISTS "gestionActivos_alarmas_fkEquipoOficina_id_be2e1cff" ON "gestionActivos_alarmas" ("fkEquipoOficina_id");
CREATE INDEX IF NOT EXISTS "gestionActivos_alarmas_fkExtintor_id_64f5be6a" ON "gestionActivos_alarmas" ("fkExtintor_id");
CREATE INDEX IF NOT EXISTS "gestionActivos_alarmas_fkVehiculo_id_d2fec6c8" ON "gestionActivos_alarmas" ("fkVehiculo_id");
CREATE TABLE IF NOT EXISTS "gestionActivos_detalleruta" ("id" integer NOT NULL PRIMARY KEY AUTOINCREMENT, "fkPasajero_id" bigint NOT NULL REFERENCES "gestionActivos_pasajero" ("id") DEFERRABLE INITIALLY DEFERRED, "fkRuta_id" bigint NOT NULL REFERENCES "gestionActivos_generarruta" ("id") DEFERRABLE INITIALLY DEFERRED);
INSERT INTO "gestionActivos_detalleruta" VALUES(10,2,6);
INSERT INTO "gestionActivos_detalleruta" VALUES(11,1,6);
INSERT INTO "gestionActivos_detalleruta" VALUES(12,3,6);
INSERT INTO "gestionActivos_detalleruta" VALUES(17,1,7);
INSERT INTO "gestionActivos_detalleruta" VALUES(22,2,12);
INSERT INTO "gestionActivos_detalleruta" VALUES(23,3,12);
INSERT INTO "gestionActivos_detalleruta" VALUES(24,3,13);
INSERT INTO "gestionActivos_detalleruta" VALUES(26,1,15);
INSERT INTO "gestionActivos_detalleruta" VALUES(27,1,16);
INSERT INTO "gestionActivos_detalleruta" VALUES(28,2,17);
INSERT INTO "gestionActivos_detalleruta" VALUES(29,2,18);
INSERT INTO "gestionActivos_detalleruta" VALUES(31,2,21);
INSERT INTO "gestionActivos_detalleruta" VALUES(32,3,21);
INSERT INTO "gestionActivos_detalleruta" VALUES(33,4,21);
INSERT INTO "gestionActivos_detalleruta" VALUES(57,1,20);
INSERT INTO "gestionActivos_detalleruta" VALUES(58,2,20);
INSERT INTO "gestionActivos_detalleruta" VALUES(59,3,20);
INSERT INTO "gestionActivos_detalleruta" VALUES(63,4,20);
INSERT INTO "gestionActivos_detalleruta" VALUES(64,1,22);
INSERT INTO "gestionActivos_detalleruta" VALUES(65,2,22);
INSERT INTO "gestionActivos_detalleruta" VALUES(66,3,22);
INSERT INTO "gestionActivos_detalleruta" VALUES(67,4,22);
INSERT INTO "gestionActivos_detalleruta" VALUES(68,1,24);
INSERT INTO "gestionActivos_detalleruta" VALUES(69,2,24);
INSERT INTO "gestionActivos_detalleruta" VALUES(70,3,24);
INSERT INTO "gestionActivos_detalleruta" VALUES(74,4,24);
CREATE UNIQUE INDEX "auth_group_permissions_group_id_permission_id_0cd325b0_uniq" ON "auth_group_permissions" ("group_id", "permission_id");
CREATE INDEX IF NOT EXISTS "auth_group_permissions_group_id_b120cbf9" ON "auth_group_permissions" ("group_id");
CREATE INDEX IF NOT EXISTS "auth_group_permissions_permission_id_84c5c92e" ON "auth_group_permissions" ("permission_id");
CREATE UNIQUE INDEX "auth_user_groups_user_id_group_id_94350c0c_uniq" ON "auth_user_groups" ("user_id", "group_id");
CREATE INDEX IF NOT EXISTS "auth_user_groups_user_id_6a12ed8b" ON "auth_user_groups" ("user_id");
CREATE INDEX IF NOT EXISTS "auth_user_groups_group_id_97559544" ON "auth_user_groups" ("group_id");
CREATE UNIQUE INDEX "auth_user_user_permissions_user_id_permission_id_14a6b632_uniq" ON "auth_user_user_permissions" ("user_id", "permission_id");
CREATE INDEX IF NOT EXISTS "auth_user_user_permissions_user_id_a95ead1b" ON "auth_user_user_permissions" ("user_id");
CREATE INDEX IF NOT EXISTS "auth_user_user_permissions_permission_id_1fbb5f2c" ON "auth_user_user_permissions" ("permission_id");
CREATE INDEX IF NOT EXISTS "django_admin_log_content_type_id_c4bce8eb" ON "django_admin_log" ("content_type_id");
CREATE INDEX IF NOT EXISTS "django_admin_log_user_id_c564eba6" ON "django_admin_log" ("user_id");
CREATE UNIQUE INDEX "django_content_type_app_label_model_76bd3d3b_uniq" ON "django_content_type" ("app_label", "model");
CREATE UNIQUE INDEX "auth_permission_content_type_id_codename_01ab375a_uniq" ON "auth_permission" ("content_type_id", "codename");
CREATE INDEX IF NOT EXISTS "auth_permission_content_type_id_2f476e4b" ON "auth_permission" ("content_type_id");
CREATE INDEX IF NOT EXISTS "django_session_expire_date_a5c62663" ON "django_session" ("expire_date");
CREATE INDEX IF NOT EXISTS "gestionActivos_detalleruta_fkPasajero_id_b7d73b7c" ON "gestionActivos_detalleruta" ("fkPasajero_id");
CREATE INDEX IF NOT EXISTS "gestionActivos_detalleruta_fkRuta_id_aeca3db9" ON "gestionActivos_detalleruta" ("fkRuta_id");
CREATE INDEX IF NOT EXISTS "gestionActivos_mantenimientovehiculo_fkRegistrarMantenimiento_id_49d0da75" ON "gestionActivos_mantenimientovehiculo" ("fkRegistrarMantenimiento_id");
CREATE INDEX IF NOT EXISTS "gestionActivos_mantenimientovehiculo_fkVehiculo_id_80566643" ON "gestionActivos_mantenimientovehiculo" ("fkVehiculo_id");
CREATE INDEX IF NOT EXISTS "gestionActivos_mantenimientoequipo_fkRegistrarMantenimiento_id_cc3a4d79" ON "gestionActivos_mantenimientoequipo" ("fkRegistrarMantenimiento_id");
CREATE INDEX IF NOT EXISTS "gestionActivos_mantenimientoequipo_fkEquipoOficina_id_c63a1422" ON "gestionActivos_mantenimientoequipo" ("fkEquipoOficina_id");
CREATE INDEX IF NOT EXISTS "gestionActivos_mantenimientoextintor_fkRegistrarMantenimiento_id_24f71c56" ON "gestionActivos_mantenimientoextintor" ("fkRegistrarMantenimiento_id");
CREATE INDEX IF NOT EXISTS "gestionActivos_mantenimientoextintor_fkExtintor_id_1e0e1cf4" ON "gestionActivos_mantenimientoextintor" ("fkExtintor_id");
CREATE INDEX IF NOT EXISTS "usuarios_usuario_user_id_27bf56db" ON "usuarios_usuario" ("user_id");
CREATE INDEX IF NOT EXISTS "gestionActivos_generarruta_fkUsuario_id_22295747" ON "gestionActivos_generarruta" ("fkUsuario_id");
CREATE INDEX IF NOT EXISTS "gestionActivos_generarruta_fkVehiculo_id_b1a22096" ON "gestionActivos_generarruta" ("fkVehiculo_id");
CREATE INDEX IF NOT EXISTS "gestionActivos_alarmas_fkEquipoOficina_id_be2e1cff" ON "gestionActivos_alarmas" ("fkEquipoOficina_id");
CREATE INDEX IF NOT EXISTS "gestionActivos_alarmas_fkExtintor_id_64f5be6a" ON "gestionActivos_alarmas" ("fkExtintor_id");
CREATE INDEX IF NOT EXISTS "gestionActivos_alarmas_fkVehiculo_id_d2fec6c8" ON "gestionActivos_alarmas" ("fkVehiculo_id");
CREATE TABLE IF NOT EXISTS "gestionActivos_generarruta" ("id" integer NOT NULL PRIMARY KEY AUTOINCREMENT, "horaSalida" time NOT NULL, "horaRegreso" time NULL, "fechaSalida" date NOT NULL, "fechaRegreso" date NOT NULL, "lugarSalida" varchar(50) NOT NULL, "lugarDestino" varchar(50) NOT NULL, "kilometrajeFinalVehiculo" integer NOT NULL, "descripcionRuta" text NOT NULL, "fkUsuario_id" bigint NOT NULL REFERENCES "usuarios_usuario" ("id") DEFERRABLE INITIALLY DEFERRED, "fkVehiculo_id" bigint NOT NULL REFERENCES "activos_activovehiculo" ("id") DEFERRABLE INITIALLY DEFERRED, "estadoRuta" varchar(10) NOT NULL, "observacionesRuta" text NULL);
INSERT INTO "gestionActivos_generarruta" VALUES(3,'04:25:00','15:36:57','2022-11-05','2022-11-16','Aquí','para alla',50000,'Paseo',5,4,'Abierta','asdf');
INSERT INTO "gestionActivos_generarruta" VALUES(4,'16:28:00',NULL,'2022-11-17','2022-11-03','Aquí','para alla',0,'jaja',5,5,'Abierta',NULL);
INSERT INTO "gestionActivos_generarruta" VALUES(6,'00:35:00','17:36:00','2022-11-11','2022-11-12','Bogotá D.C.','Bogotá D.C.',30000,'Prueba con el usuario de Nicolas con rol de conductor',8,6,'Cerrada','Prueba con el usuario de Nicolas con rol de conductor');
INSERT INTO "gestionActivos_generarruta" VALUES(7,'15:49:00','15:50:00','2022-11-17','2022-11-17','Bogotá D.C.','Bogotá D.C.',70000,'PRUEBA',8,4,'Cerrada','PREUBA');
INSERT INTO "gestionActivos_generarruta" VALUES(12,'16:16:00','16:20:00','2022-11-17','2022-11-17','Bogotá D.C.','Bogotá D.C.',80000,'PRUEBA 6',8,4,'Abierta','PRUEBA 6');
INSERT INTO "gestionActivos_generarruta" VALUES(13,'16:31:00','16:32:00','2022-11-17','2022-11-17','Bogotá D.C.','Bogotá D.C.',83000,'PRUEBA 7',5,4,'Abierta','PRUEBA');
INSERT INTO "gestionActivos_generarruta" VALUES(15,'23:01:00','23:22:00','2022-11-19','2022-11-19','Bogotá D.C.','Bogotá D.C.',2000,'int(request.POST[''horaSalida''][:1]) > datetime.now().hour',5,7,'Abierta','ASFASDF');
INSERT INTO "gestionActivos_generarruta" VALUES(16,'23:26:30',NULL,'2022-11-19','2022-11-19','Bogotá D.C.','Bogotá D.C.',0,'OTRA PRUEBA',8,7,'Abierta','');
INSERT INTO "gestionActivos_generarruta" VALUES(17,'15:12:00',NULL,'2022-11-21','2022-11-21','Bogotá D.C.','Bogotá D.C.',0,'qwet',5,4,'Abierta',NULL);
INSERT INTO "gestionActivos_generarruta" VALUES(18,'15:20:00','15:19:00','2022-11-21','2022-11-21','Bogotá D.C.','Bogotá D.C.',200,'ZXCGDFH',5,8,'Abierta','PRUEBA');
INSERT INTO "gestionActivos_generarruta" VALUES(19,'15:59:00',NULL,'2022-11-21','2022-11-21','PRUEBA 3','PRUEBA 3',0,'PRUEBA 3',5,9,'Abierta',NULL);
INSERT INTO "gestionActivos_generarruta" VALUES(20,'16:15:00','15:01:00','2022-11-21','2022-11-21','PRUEBA 3','PRUEBA 3',0,'PRUEBA 3',8,9,'Abierta','PRUEBA 3 KILOMETRAJE 0');
INSERT INTO "gestionActivos_generarruta" VALUES(21,'16:55:00','16:57:00','2022-11-21','2022-11-21','Bogotá D.C.','Bogotá D.C.',84500,'REVISANDO KILOMETRAJE',8,4,'Cerrada','REVISANDO KILOMETRAJE');
INSERT INTO "gestionActivos_generarruta" VALUES(22,'14:57:00','15:22:00','2022-11-25','2022-11-25','Contraloría del Tolima','Ibagué',85125,'Reunión',8,4,'Cerrada','Ninguna.');
INSERT INTO "gestionActivos_generarruta" VALUES(23,'11:36:00',NULL,'2022-11-26','2022-11-26','Tolima','Tolima',0,'Diligencia',8,4,'Abierta',NULL);
INSERT INTO "gestionActivos_generarruta" VALUES(24,'00:33:00','00:48:00','2022-11-26','2022-11-26','Tolima','Tolima',85200,'Diligencia',8,4,'Abierta','Ninguna');
CREATE UNIQUE INDEX "auth_group_permissions_group_id_permission_id_0cd325b0_uniq" ON "auth_group_permissions" ("group_id", "permission_id");
CREATE INDEX IF NOT EXISTS "auth_group_permissions_group_id_b120cbf9" ON "auth_group_permissions" ("group_id");
CREATE INDEX IF NOT EXISTS "auth_group_permissions_permission_id_84c5c92e" ON "auth_group_permissions" ("permission_id");
CREATE UNIQUE INDEX "auth_user_groups_user_id_group_id_94350c0c_uniq" ON "auth_user_groups" ("user_id", "group_id");
CREATE INDEX IF NOT EXISTS "auth_user_groups_user_id_6a12ed8b" ON "auth_user_groups" ("user_id");
CREATE INDEX IF NOT EXISTS "auth_user_groups_group_id_97559544" ON "auth_user_groups" ("group_id");
CREATE UNIQUE INDEX "auth_user_user_permissions_user_id_permission_id_14a6b632_uniq" ON "auth_user_user_permissions" ("user_id", "permission_id");
CREATE INDEX IF NOT EXISTS "auth_user_user_permissions_user_id_a95ead1b" ON "auth_user_user_permissions" ("user_id");
CREATE INDEX IF NOT EXISTS "auth_user_user_permissions_permission_id_1fbb5f2c" ON "auth_user_user_permissions" ("permission_id");
CREATE INDEX IF NOT EXISTS "django_admin_log_content_type_id_c4bce8eb" ON "django_admin_log" ("content_type_id");
CREATE INDEX IF NOT EXISTS "django_admin_log_user_id_c564eba6" ON "django_admin_log" ("user_id");
CREATE UNIQUE INDEX "django_content_type_app_label_model_76bd3d3b_uniq" ON "django_content_type" ("app_label", "model");
CREATE UNIQUE INDEX "auth_permission_content_type_id_codename_01ab375a_uniq" ON "auth_permission" ("content_type_id", "codename");
CREATE INDEX IF NOT EXISTS "auth_permission_content_type_id_2f476e4b" ON "auth_permission" ("content_type_id");
CREATE INDEX IF NOT EXISTS "django_session_expire_date_a5c62663" ON "django_session" ("expire_date");
CREATE INDEX IF NOT EXISTS "gestionActivos_detalleruta_fkPasajero_id_b7d73b7c" ON "gestionActivos_detalleruta" ("fkPasajero_id");
CREATE INDEX IF NOT EXISTS "gestionActivos_detalleruta_fkRuta_id_aeca3db9" ON "gestionActivos_detalleruta" ("fkRuta_id");
CREATE INDEX IF NOT EXISTS "gestionActivos_mantenimientovehiculo_fkRegistrarMantenimiento_id_49d0da75" ON "gestionActivos_mantenimientovehiculo" ("fkRegistrarMantenimiento_id");
CREATE INDEX IF NOT EXISTS "gestionActivos_mantenimientovehiculo_fkVehiculo_id_80566643" ON "gestionActivos_mantenimientovehiculo" ("fkVehiculo_id");
CREATE INDEX IF NOT EXISTS "gestionActivos_mantenimientoequipo_fkRegistrarMantenimiento_id_cc3a4d79" ON "gestionActivos_mantenimientoequipo" ("fkRegistrarMantenimiento_id");
CREATE INDEX IF NOT EXISTS "gestionActivos_mantenimientoequipo_fkEquipoOficina_id_c63a1422" ON "gestionActivos_mantenimientoequipo" ("fkEquipoOficina_id");
CREATE INDEX IF NOT EXISTS "gestionActivos_mantenimientoextintor_fkRegistrarMantenimiento_id_24f71c56" ON "gestionActivos_mantenimientoextintor" ("fkRegistrarMantenimiento_id");
CREATE INDEX IF NOT EXISTS "gestionActivos_mantenimientoextintor_fkExtintor_id_1e0e1cf4" ON "gestionActivos_mantenimientoextintor" ("fkExtintor_id");
CREATE INDEX IF NOT EXISTS "usuarios_usuario_user_id_27bf56db" ON "usuarios_usuario" ("user_id");
CREATE INDEX IF NOT EXISTS "gestionActivos_generarruta_fkUsuario_id_22295747" ON "gestionActivos_generarruta" ("fkUsuario_id");
CREATE INDEX IF NOT EXISTS "gestionActivos_generarruta_fkVehiculo_id_b1a22096" ON "gestionActivos_generarruta" ("fkVehiculo_id");
CREATE INDEX IF NOT EXISTS "gestionActivos_alarmas_fkEquipoOficina_id_be2e1cff" ON "gestionActivos_alarmas" ("fkEquipoOficina_id");
CREATE INDEX IF NOT EXISTS "gestionActivos_alarmas_fkExtintor_id_64f5be6a" ON "gestionActivos_alarmas" ("fkExtintor_id");
CREATE INDEX IF NOT EXISTS "gestionActivos_alarmas_fkVehiculo_id_d2fec6c8" ON "gestionActivos_alarmas" ("fkVehiculo_id");
CREATE TABLE IF NOT EXISTS "gestionActivos_mantenimientoequipo" ("id" integer NOT NULL PRIMARY KEY AUTOINCREMENT, "fkRegistrarMantenimiento_id" bigint NOT NULL REFERENCES "gestionActivos_registrarmantenimiento" ("id") DEFERRABLE INITIALLY DEFERRED, "fkEquipoOficina_id" bigint NOT NULL REFERENCES "activos_activoequipooficina" ("id") DEFERRABLE INITIALLY DEFERRED);
INSERT INTO "gestionActivos_mantenimientoequipo" VALUES(1,22,2);
INSERT INTO "gestionActivos_mantenimientoequipo" VALUES(2,25,3);
INSERT INTO "gestionActivos_mantenimientoequipo" VALUES(3,29,2);
INSERT INTO "gestionActivos_mantenimientoequipo" VALUES(4,36,2);
CREATE UNIQUE INDEX "auth_group_permissions_group_id_permission_id_0cd325b0_uniq" ON "auth_group_permissions" ("group_id", "permission_id");
CREATE INDEX IF NOT EXISTS "auth_group_permissions_group_id_b120cbf9" ON "auth_group_permissions" ("group_id");
CREATE INDEX IF NOT EXISTS "auth_group_permissions_permission_id_84c5c92e" ON "auth_group_permissions" ("permission_id");
CREATE UNIQUE INDEX "auth_user_groups_user_id_group_id_94350c0c_uniq" ON "auth_user_groups" ("user_id", "group_id");
CREATE INDEX IF NOT EXISTS "auth_user_groups_user_id_6a12ed8b" ON "auth_user_groups" ("user_id");
CREATE INDEX IF NOT EXISTS "auth_user_groups_group_id_97559544" ON "auth_user_groups" ("group_id");
CREATE UNIQUE INDEX "auth_user_user_permissions_user_id_permission_id_14a6b632_uniq" ON "auth_user_user_permissions" ("user_id", "permission_id");
CREATE INDEX IF NOT EXISTS "auth_user_user_permissions_user_id_a95ead1b" ON "auth_user_user_permissions" ("user_id");
CREATE INDEX IF NOT EXISTS "auth_user_user_permissions_permission_id_1fbb5f2c" ON "auth_user_user_permissions" ("permission_id");
CREATE INDEX IF NOT EXISTS "django_admin_log_content_type_id_c4bce8eb" ON "django_admin_log" ("content_type_id");
CREATE INDEX IF NOT EXISTS "django_admin_log_user_id_c564eba6" ON "django_admin_log" ("user_id");
CREATE UNIQUE INDEX "django_content_type_app_label_model_76bd3d3b_uniq" ON "django_content_type" ("app_label", "model");
CREATE UNIQUE INDEX "auth_permission_content_type_id_codename_01ab375a_uniq" ON "auth_permission" ("content_type_id", "codename");
CREATE INDEX IF NOT EXISTS "auth_permission_content_type_id_2f476e4b" ON "auth_permission" ("content_type_id");
CREATE INDEX IF NOT EXISTS "django_session_expire_date_a5c62663" ON "django_session" ("expire_date");
CREATE INDEX IF NOT EXISTS "gestionActivos_detalleruta_fkPasajero_id_b7d73b7c" ON "gestionActivos_detalleruta" ("fkPasajero_id");
CREATE INDEX IF NOT EXISTS "gestionActivos_detalleruta_fkRuta_id_aeca3db9" ON "gestionActivos_detalleruta" ("fkRuta_id");
CREATE INDEX IF NOT EXISTS "gestionActivos_mantenimientovehiculo_fkRegistrarMantenimiento_id_49d0da75" ON "gestionActivos_mantenimientovehiculo" ("fkRegistrarMantenimiento_id");
CREATE INDEX IF NOT EXISTS "gestionActivos_mantenimientovehiculo_fkVehiculo_id_80566643" ON "gestionActivos_mantenimientovehiculo" ("fkVehiculo_id");
CREATE INDEX IF NOT EXISTS "gestionActivos_mantenimientoequipo_fkRegistrarMantenimiento_id_cc3a4d79" ON "gestionActivos_mantenimientoequipo" ("fkRegistrarMantenimiento_id");
CREATE INDEX IF NOT EXISTS "gestionActivos_mantenimientoequipo_fkEquipoOficina_id_c63a1422" ON "gestionActivos_mantenimientoequipo" ("fkEquipoOficina_id");
CREATE INDEX IF NOT EXISTS "gestionActivos_mantenimientoextintor_fkRegistrarMantenimiento_id_24f71c56" ON "gestionActivos_mantenimientoextintor" ("fkRegistrarMantenimiento_id");
CREATE INDEX IF NOT EXISTS "gestionActivos_mantenimientoextintor_fkExtintor_id_1e0e1cf4" ON "gestionActivos_mantenimientoextintor" ("fkExtintor_id");
CREATE INDEX IF NOT EXISTS "usuarios_usuario_user_id_27bf56db" ON "usuarios_usuario" ("user_id");
CREATE INDEX IF NOT EXISTS "gestionActivos_generarruta_fkUsuario_id_22295747" ON "gestionActivos_generarruta" ("fkUsuario_id");
CREATE INDEX IF NOT EXISTS "gestionActivos_generarruta_fkVehiculo_id_b1a22096" ON "gestionActivos_generarruta" ("fkVehiculo_id");
CREATE INDEX IF NOT EXISTS "gestionActivos_alarmas_fkEquipoOficina_id_be2e1cff" ON "gestionActivos_alarmas" ("fkEquipoOficina_id");
CREATE INDEX IF NOT EXISTS "gestionActivos_alarmas_fkExtintor_id_64f5be6a" ON "gestionActivos_alarmas" ("fkExtintor_id");
CREATE INDEX IF NOT EXISTS "gestionActivos_alarmas_fkVehiculo_id_d2fec6c8" ON "gestionActivos_alarmas" ("fkVehiculo_id");
CREATE TABLE IF NOT EXISTS "gestionActivos_mantenimientoextintor" ("id" integer NOT NULL PRIMARY KEY AUTOINCREMENT, "fkRegistrarMantenimiento_id" bigint NOT NULL REFERENCES "gestionActivos_registrarmantenimiento" ("id") DEFERRABLE INITIALLY DEFERRED, "usado" varchar(5) NOT NULL, "fkExtintor_id" bigint NOT NULL REFERENCES "activos_activoextintor" ("id") DEFERRABLE INITIALLY DEFERRED);
INSERT INTO "gestionActivos_mantenimientoextintor" VALUES(1,13,'NO',2);
INSERT INTO "gestionActivos_mantenimientoextintor" VALUES(2,31,'SI',4);
INSERT INTO "gestionActivos_mantenimientoextintor" VALUES(3,24,'SI',10);
INSERT INTO "gestionActivos_mantenimientoextintor" VALUES(4,26,'NO',2);
INSERT INTO "gestionActivos_mantenimientoextintor" VALUES(5,27,'NO',2);
INSERT INTO "gestionActivos_mantenimientoextintor" VALUES(6,28,'NO',2);
INSERT INTO "gestionActivos_mantenimientoextintor" VALUES(7,32,'NO',2);
INSERT INTO "gestionActivos_mantenimientoextintor" VALUES(8,35,'SI',2);
CREATE UNIQUE INDEX "auth_group_permissions_group_id_permission_id_0cd325b0_uniq" ON "auth_group_permissions" ("group_id", "permission_id");
CREATE INDEX IF NOT EXISTS "auth_group_permissions_group_id_b120cbf9" ON "auth_group_permissions" ("group_id");
CREATE INDEX IF NOT EXISTS "auth_group_permissions_permission_id_84c5c92e" ON "auth_group_permissions" ("permission_id");
CREATE UNIQUE INDEX "auth_user_groups_user_id_group_id_94350c0c_uniq" ON "auth_user_groups" ("user_id", "group_id");
CREATE INDEX IF NOT EXISTS "auth_user_groups_user_id_6a12ed8b" ON "auth_user_groups" ("user_id");
CREATE INDEX IF NOT EXISTS "auth_user_groups_group_id_97559544" ON "auth_user_groups" ("group_id");
CREATE UNIQUE INDEX "auth_user_user_permissions_user_id_permission_id_14a6b632_uniq" ON "auth_user_user_permissions" ("user_id", "permission_id");
CREATE INDEX IF NOT EXISTS "auth_user_user_permissions_user_id_a95ead1b" ON "auth_user_user_permissions" ("user_id");
CREATE INDEX IF NOT EXISTS "auth_user_user_permissions_permission_id_1fbb5f2c" ON "auth_user_user_permissions" ("permission_id");
CREATE INDEX IF NOT EXISTS "django_admin_log_content_type_id_c4bce8eb" ON "django_admin_log" ("content_type_id");
CREATE INDEX IF NOT EXISTS "django_admin_log_user_id_c564eba6" ON "django_admin_log" ("user_id");
CREATE UNIQUE INDEX "django_content_type_app_label_model_76bd3d3b_uniq" ON "django_content_type" ("app_label", "model");
CREATE UNIQUE INDEX "auth_permission_content_type_id_codename_01ab375a_uniq" ON "auth_permission" ("content_type_id", "codename");
CREATE INDEX IF NOT EXISTS "auth_permission_content_type_id_2f476e4b" ON "auth_permission" ("content_type_id");
CREATE INDEX IF NOT EXISTS "django_session_expire_date_a5c62663" ON "django_session" ("expire_date");
CREATE INDEX IF NOT EXISTS "gestionActivos_detalleruta_fkPasajero_id_b7d73b7c" ON "gestionActivos_detalleruta" ("fkPasajero_id");
CREATE INDEX IF NOT EXISTS "gestionActivos_detalleruta_fkRuta_id_aeca3db9" ON "gestionActivos_detalleruta" ("fkRuta_id");
CREATE INDEX IF NOT EXISTS "gestionActivos_mantenimientovehiculo_fkRegistrarMantenimiento_id_49d0da75" ON "gestionActivos_mantenimientovehiculo" ("fkRegistrarMantenimiento_id");
CREATE INDEX IF NOT EXISTS "gestionActivos_mantenimientovehiculo_fkVehiculo_id_80566643" ON "gestionActivos_mantenimientovehiculo" ("fkVehiculo_id");
CREATE INDEX IF NOT EXISTS "gestionActivos_mantenimientoequipo_fkRegistrarMantenimiento_id_cc3a4d79" ON "gestionActivos_mantenimientoequipo" ("fkRegistrarMantenimiento_id");
CREATE INDEX IF NOT EXISTS "gestionActivos_mantenimientoequipo_fkEquipoOficina_id_c63a1422" ON "gestionActivos_mantenimientoequipo" ("fkEquipoOficina_id");
CREATE INDEX IF NOT EXISTS "gestionActivos_mantenimientoextintor_fkRegistrarMantenimiento_id_24f71c56" ON "gestionActivos_mantenimientoextintor" ("fkRegistrarMantenimiento_id");
CREATE INDEX IF NOT EXISTS "gestionActivos_mantenimientoextintor_fkExtintor_id_1e0e1cf4" ON "gestionActivos_mantenimientoextintor" ("fkExtintor_id");
CREATE INDEX IF NOT EXISTS "usuarios_usuario_user_id_27bf56db" ON "usuarios_usuario" ("user_id");
CREATE INDEX IF NOT EXISTS "gestionActivos_generarruta_fkUsuario_id_22295747" ON "gestionActivos_generarruta" ("fkUsuario_id");
CREATE INDEX IF NOT EXISTS "gestionActivos_generarruta_fkVehiculo_id_b1a22096" ON "gestionActivos_generarruta" ("fkVehiculo_id");
CREATE INDEX IF NOT EXISTS "gestionActivos_alarmas_fkEquipoOficina_id_be2e1cff" ON "gestionActivos_alarmas" ("fkEquipoOficina_id");
CREATE INDEX IF NOT EXISTS "gestionActivos_alarmas_fkExtintor_id_64f5be6a" ON "gestionActivos_alarmas" ("fkExtintor_id");
CREATE INDEX IF NOT EXISTS "gestionActivos_alarmas_fkVehiculo_id_d2fec6c8" ON "gestionActivos_alarmas" ("fkVehiculo_id");
CREATE TABLE IF NOT EXISTS "gestionActivos_mantenimientovehiculo" ("id" integer NOT NULL PRIMARY KEY AUTOINCREMENT, "kilometrajeMantenimiento" integer NOT NULL, "fkRegistrarMantenimiento_id" bigint NOT NULL REFERENCES "gestionActivos_registrarmantenimiento" ("id") DEFERRABLE INITIALLY DEFERRED, "fkVehiculo_id" bigint NOT NULL REFERENCES "activos_activovehiculo" ("id") DEFERRABLE INITIALLY DEFERRED);
INSERT INTO "gestionActivos_mantenimientovehiculo" VALUES(1,10000,1,4);
INSERT INTO "gestionActivos_mantenimientovehiculo" VALUES(2,10000,2,4);
INSERT INTO "gestionActivos_mantenimientovehiculo" VALUES(3,15000,5,4);
INSERT INTO "gestionActivos_mantenimientovehiculo" VALUES(4,15000,6,4);
INSERT INTO "gestionActivos_mantenimientovehiculo" VALUES(5,15000,10,4);
INSERT INTO "gestionActivos_mantenimientovehiculo" VALUES(6,15000,11,4);
INSERT INTO "gestionActivos_mantenimientovehiculo" VALUES(7,10000,12,4);
INSERT INTO "gestionActivos_mantenimientovehiculo" VALUES(8,10000,17,6);
INSERT INTO "gestionActivos_mantenimientovehiculo" VALUES(9,10000,18,6);
INSERT INTO "gestionActivos_mantenimientovehiculo" VALUES(10,15000,23,4);
INSERT INTO "gestionActivos_mantenimientovehiculo" VALUES(11,10000,30,5);
INSERT INTO "gestionActivos_mantenimientovehiculo" VALUES(12,85130,33,4);
INSERT INTO "gestionActivos_mantenimientovehiculo" VALUES(13,20000,34,5);
CREATE UNIQUE INDEX "auth_group_permissions_group_id_permission_id_0cd325b0_uniq" ON "auth_group_permissions" ("group_id", "permission_id");
CREATE INDEX IF NOT EXISTS "auth_group_permissions_group_id_b120cbf9" ON "auth_group_permissions" ("group_id");
CREATE INDEX IF NOT EXISTS "auth_group_permissions_permission_id_84c5c92e" ON "auth_group_permissions" ("permission_id");
CREATE UNIQUE INDEX "auth_user_groups_user_id_group_id_94350c0c_uniq" ON "auth_user_groups" ("user_id", "group_id");
CREATE INDEX IF NOT EXISTS "auth_user_groups_user_id_6a12ed8b" ON "auth_user_groups" ("user_id");
CREATE INDEX IF NOT EXISTS "auth_user_groups_group_id_97559544" ON "auth_user_groups" ("group_id");
CREATE UNIQUE INDEX "auth_user_user_permissions_user_id_permission_id_14a6b632_uniq" ON "auth_user_user_permissions" ("user_id", "permission_id");
CREATE INDEX IF NOT EXISTS "auth_user_user_permissions_user_id_a95ead1b" ON "auth_user_user_permissions" ("user_id");
CREATE INDEX IF NOT EXISTS "auth_user_user_permissions_permission_id_1fbb5f2c" ON "auth_user_user_permissions" ("permission_id");
CREATE INDEX IF NOT EXISTS "django_admin_log_content_type_id_c4bce8eb" ON "django_admin_log" ("content_type_id");
CREATE INDEX IF NOT EXISTS "django_admin_log_user_id_c564eba6" ON "django_admin_log" ("user_id");
CREATE UNIQUE INDEX "django_content_type_app_label_model_76bd3d3b_uniq" ON "django_content_type" ("app_label", "model");
CREATE UNIQUE INDEX "auth_permission_content_type_id_codename_01ab375a_uniq" ON "auth_permission" ("content_type_id", "codename");
CREATE INDEX IF NOT EXISTS "auth_permission_content_type_id_2f476e4b" ON "auth_permission" ("content_type_id");
CREATE INDEX IF NOT EXISTS "django_session_expire_date_a5c62663" ON "django_session" ("expire_date");
CREATE INDEX IF NOT EXISTS "gestionActivos_detalleruta_fkPasajero_id_b7d73b7c" ON "gestionActivos_detalleruta" ("fkPasajero_id");
CREATE INDEX IF NOT EXISTS "gestionActivos_detalleruta_fkRuta_id_aeca3db9" ON "gestionActivos_detalleruta" ("fkRuta_id");
CREATE INDEX IF NOT EXISTS "gestionActivos_mantenimientovehiculo_fkRegistrarMantenimiento_id_49d0da75" ON "gestionActivos_mantenimientovehiculo" ("fkRegistrarMantenimiento_id");
CREATE INDEX IF NOT EXISTS "gestionActivos_mantenimientovehiculo_fkVehiculo_id_80566643" ON "gestionActivos_mantenimientovehiculo" ("fkVehiculo_id");
CREATE INDEX IF NOT EXISTS "gestionActivos_mantenimientoequipo_fkRegistrarMantenimiento_id_cc3a4d79" ON "gestionActivos_mantenimientoequipo" ("fkRegistrarMantenimiento_id");
CREATE INDEX IF NOT EXISTS "gestionActivos_mantenimientoequipo_fkEquipoOficina_id_c63a1422" ON "gestionActivos_mantenimientoequipo" ("fkEquipoOficina_id");
CREATE INDEX IF NOT EXISTS "gestionActivos_mantenimientoextintor_fkRegistrarMantenimiento_id_24f71c56" ON "gestionActivos_mantenimientoextintor" ("fkRegistrarMantenimiento_id");
CREATE INDEX IF NOT EXISTS "gestionActivos_mantenimientoextintor_fkExtintor_id_1e0e1cf4" ON "gestionActivos_mantenimientoextintor" ("fkExtintor_id");
CREATE INDEX IF NOT EXISTS "usuarios_usuario_user_id_27bf56db" ON "usuarios_usuario" ("user_id");
CREATE INDEX IF NOT EXISTS "gestionActivos_generarruta_fkUsuario_id_22295747" ON "gestionActivos_generarruta" ("fkUsuario_id");
CREATE INDEX IF NOT EXISTS "gestionActivos_generarruta_fkVehiculo_id_b1a22096" ON "gestionActivos_generarruta" ("fkVehiculo_id");
CREATE INDEX IF NOT EXISTS "gestionActivos_alarmas_fkEquipoOficina_id_be2e1cff" ON "gestionActivos_alarmas" ("fkEquipoOficina_id");
CREATE INDEX IF NOT EXISTS "gestionActivos_alarmas_fkExtintor_id_64f5be6a" ON "gestionActivos_alarmas" ("fkExtintor_id");
CREATE INDEX IF NOT EXISTS "gestionActivos_alarmas_fkVehiculo_id_d2fec6c8" ON "gestionActivos_alarmas" ("fkVehiculo_id");
CREATE TABLE IF NOT EXISTS "gestionActivos_pasajero" ("id" integer NOT NULL PRIMARY KEY AUTOINCREMENT, "primerNombrePasajero" varchar(50) NOT NULL, "primerApellidoPasajero" varchar(50) NOT NULL, "tipoDocumento" varchar(5) NOT NULL, "numeroDocumentoPasajero" varchar(50) NOT NULL UNIQUE, "direccionPasajero" varchar(100) NOT NULL, "telefonoPasajero" varchar(20) NOT NULL, "estadoPasajero" varchar(1) NOT NULL);
INSERT INTO "gestionActivos_pasajero" VALUES(1,'Antony','Botello','C.C.','123456789','abc123','147852369','1');
INSERT INTO "gestionActivos_pasajero" VALUES(2,'Jonny','Canabal','C.C.','159753','Calle 53','987456321','1');
INSERT INTO "gestionActivos_pasajero" VALUES(3,'diego','briñez','C.C.','789','Cale 23','111222333','1');
INSERT INTO "gestionActivos_pasajero" VALUES(4,'Mauricio','Ospina','C.C.','456','Calle 1','3183856','1');
INSERT INTO "gestionActivos_pasajero" VALUES(5,'Juan','Canabal','C.C.','741','Calle 12','3698521147','1');
INSERT INTO "gestionActivos_pasajero" VALUES(6,'oscar','oscar oscar','C.C.','1234','calle 2','318654854','1');
INSERT INTO "gestionActivos_pasajero" VALUES(7,'Leidy','Canabal','C.C.','698741235','Calle 1 # 5 - 26','3183698521','1');
INSERT INTO "gestionActivos_pasajero" VALUES(8,'Diego','Brinez','C.C.','111222333','Calle 1 # 5-20','318654854','1');
CREATE UNIQUE INDEX "auth_group_permissions_group_id_permission_id_0cd325b0_uniq" ON "auth_group_permissions" ("group_id", "permission_id");
CREATE INDEX IF NOT EXISTS "auth_group_permissions_group_id_b120cbf9" ON "auth_group_permissions" ("group_id");
CREATE INDEX IF NOT EXISTS "auth_group_permissions_permission_id_84c5c92e" ON "auth_group_permissions" ("permission_id");
CREATE UNIQUE INDEX "auth_user_groups_user_id_group_id_94350c0c_uniq" ON "auth_user_groups" ("user_id", "group_id");
CREATE INDEX IF NOT EXISTS "auth_user_groups_user_id_6a12ed8b" ON "auth_user_groups" ("user_id");
CREATE INDEX IF NOT EXISTS "auth_user_groups_group_id_97559544" ON "auth_user_groups" ("group_id");
CREATE UNIQUE INDEX "auth_user_user_permissions_user_id_permission_id_14a6b632_uniq" ON "auth_user_user_permissions" ("user_id", "permission_id");
CREATE INDEX IF NOT EXISTS "auth_user_user_permissions_user_id_a95ead1b" ON "auth_user_user_permissions" ("user_id");
CREATE INDEX IF NOT EXISTS "auth_user_user_permissions_permission_id_1fbb5f2c" ON "auth_user_user_permissions" ("permission_id");
CREATE INDEX IF NOT EXISTS "django_admin_log_content_type_id_c4bce8eb" ON "django_admin_log" ("content_type_id");
CREATE INDEX IF NOT EXISTS "django_admin_log_user_id_c564eba6" ON "django_admin_log" ("user_id");
CREATE UNIQUE INDEX "django_content_type_app_label_model_76bd3d3b_uniq" ON "django_content_type" ("app_label", "model");
CREATE UNIQUE INDEX "auth_permission_content_type_id_codename_01ab375a_uniq" ON "auth_permission" ("content_type_id", "codename");
CREATE INDEX IF NOT EXISTS "auth_permission_content_type_id_2f476e4b" ON "auth_permission" ("content_type_id");
CREATE INDEX IF NOT EXISTS "django_session_expire_date_a5c62663" ON "django_session" ("expire_date");
CREATE INDEX IF NOT EXISTS "gestionActivos_detalleruta_fkPasajero_id_b7d73b7c" ON "gestionActivos_detalleruta" ("fkPasajero_id");
CREATE INDEX IF NOT EXISTS "gestionActivos_detalleruta_fkRuta_id_aeca3db9" ON "gestionActivos_detalleruta" ("fkRuta_id");
CREATE INDEX IF NOT EXISTS "gestionActivos_mantenimientovehiculo_fkRegistrarMantenimiento_id_49d0da75" ON "gestionActivos_mantenimientovehiculo" ("fkRegistrarMantenimiento_id");
CREATE INDEX IF NOT EXISTS "gestionActivos_mantenimientovehiculo_fkVehiculo_id_80566643" ON "gestionActivos_mantenimientovehiculo" ("fkVehiculo_id");
CREATE INDEX IF NOT EXISTS "gestionActivos_mantenimientoequipo_fkRegistrarMantenimiento_id_cc3a4d79" ON "gestionActivos_mantenimientoequipo" ("fkRegistrarMantenimiento_id");
CREATE INDEX IF NOT EXISTS "gestionActivos_mantenimientoequipo_fkEquipoOficina_id_c63a1422" ON "gestionActivos_mantenimientoequipo" ("fkEquipoOficina_id");
CREATE INDEX IF NOT EXISTS "gestionActivos_mantenimientoextintor_fkRegistrarMantenimiento_id_24f71c56" ON "gestionActivos_mantenimientoextintor" ("fkRegistrarMantenimiento_id");
CREATE INDEX IF NOT EXISTS "gestionActivos_mantenimientoextintor_fkExtintor_id_1e0e1cf4" ON "gestionActivos_mantenimientoextintor" ("fkExtintor_id");
CREATE INDEX IF NOT EXISTS "usuarios_usuario_user_id_27bf56db" ON "usuarios_usuario" ("user_id");
CREATE INDEX IF NOT EXISTS "gestionActivos_generarruta_fkUsuario_id_22295747" ON "gestionActivos_generarruta" ("fkUsuario_id");
CREATE INDEX IF NOT EXISTS "gestionActivos_generarruta_fkVehiculo_id_b1a22096" ON "gestionActivos_generarruta" ("fkVehiculo_id");
CREATE INDEX IF NOT EXISTS "gestionActivos_alarmas_fkEquipoOficina_id_be2e1cff" ON "gestionActivos_alarmas" ("fkEquipoOficina_id");
CREATE INDEX IF NOT EXISTS "gestionActivos_alarmas_fkExtintor_id_64f5be6a" ON "gestionActivos_alarmas" ("fkExtintor_id");
CREATE INDEX IF NOT EXISTS "gestionActivos_alarmas_fkVehiculo_id_d2fec6c8" ON "gestionActivos_alarmas" ("fkVehiculo_id");
CREATE TABLE IF NOT EXISTS "gestionActivos_registrarmantenimiento" ("id" integer NOT NULL PRIMARY KEY AUTOINCREMENT, "fechaMantenimiento" date NOT NULL, "lugarMantenimiento" varchar(50) NOT NULL, "ciudadMantenimiento" varchar(20) NOT NULL, "numeroFactura" varchar(10) NOT NULL, "valorMantenimiento" integer NOT NULL, "adjuntarArchivoMantenimiento" varchar(100) NOT NULL, "descripcionMantenimiento" text NOT NULL);
INSERT INTO "gestionActivos_registrarmantenimiento" VALUES(1,'2021-12-24','Todo Mantenimientos','Bogota D.C.','N005',150000,'uploads/PRUEBA_ARCHIVO_CARGAR_E5N5EXl.docx','asdfasfasdfasdfasfasdfasdfasfasdfasdfasfasdfasdfasfasdfasdfasfasdfasdfasfasdfasdfasfasdfasdfasfasdfasdfasfasdfasdfasfasdfasdfasfasdfasdfasfasdfasdfasfasdf   asdfasfasdfasdfasfasdfasdfasfasdf asdfasfas');
INSERT INTO "gestionActivos_registrarmantenimiento" VALUES(2,'2022-10-14','Todo Mantenimientos','Bogota D.C.','N001',150000,'uploads/PREGUNTAS_INGENIERO.docx','CAMBIO ACEITE');
INSERT INTO "gestionActivos_registrarmantenimiento" VALUES(3,'2022-10-13','Bomberos','Tolima','NX001',25000,'','Recargue anual del extintor sin uso');
INSERT INTO "gestionActivos_registrarmantenimiento" VALUES(4,'2022-10-14','Bomberos','Tolima','NX001',25000,'','Recargue anual del extintor sin uso');
INSERT INTO "gestionActivos_registrarmantenimiento" VALUES(5,'2022-10-15','Todo Mantenimientos','Bogota D.C.','N006',100000,'uploads/PREGUNTAS_INGENIERO_2.docx','yyyy');
INSERT INTO "gestionActivos_registrarmantenimiento" VALUES(6,'2022-11-01','Todo Mantenimientos','Bogota D.C.','N006',100000,'uploads/PREGUNTAS_INGENIERO_2_nr3dVv1.docx','yyyy');
INSERT INTO "gestionActivos_registrarmantenimiento" VALUES(7,'2022-11-01','Bomberos','Bogota D.C.','NX002',25000,'uploads/PREGUNTAS_INGENIERO_SLmX0nb.docx','Recargue por uso');
INSERT INTO "gestionActivos_registrarmantenimiento" VALUES(8,'2022-11-01','Bomberos','Bogota D.C.','NX002',25000,'uploads/PREGUNTAS_INGENIERO_3yShUbL.docx','Recargue por uso');
INSERT INTO "gestionActivos_registrarmantenimiento" VALUES(9,'2022-11-01','Bomberos','Bogota D.C.','N006',25000,'','prueba jquery');
INSERT INTO "gestionActivos_registrarmantenimiento" VALUES(10,'2022-11-01','Todo Mantenimientos','Bogota D.C.','NX001',150000,'','ASDFASDF');
INSERT INTO "gestionActivos_registrarmantenimiento" VALUES(11,'2022-11-01','Todo Mantenimientos','Bogota D.C.','NX001',150000,'','ASDFASDF');
INSERT INTO "gestionActivos_registrarmantenimiento" VALUES(12,'2022-11-17','Todo Mantenimientos','Bogota D.C.','N007',20000,'','kl');
INSERT INTO "gestionActivos_registrarmantenimiento" VALUES(13,'2021-11-17','Bomberos','Tulua','NX001',25000,'','asdf');
INSERT INTO "gestionActivos_registrarmantenimiento" VALUES(14,'2022-11-02','Logitec','Bogota D.C.','EQ001',80000,'uploads/PRUEBA_ARCHIVO_CARGAR.docx','Mantenimiento general del portátil');
INSERT INTO "gestionActivos_registrarmantenimiento" VALUES(15,'2022-11-02','Logitec','Bogota D.C.','EQ001',80000,'uploads/PRUEBA_ARCHIVO_CARGAR_UHiUnm7.docx','Mantenimiento general del portátil');
INSERT INTO "gestionActivos_registrarmantenimiento" VALUES(16,'2022-11-02','Logitec','Bogota D.C.','EQ001',80000,'uploads/PRUEBA_ARCHIVO_CARGAR_w2hKQsZ.docx','Mantenimiento general del computador');
INSERT INTO "gestionActivos_registrarmantenimiento" VALUES(17,'2021-11-26','Todo Mantenimientos','Bogota D.C.','VH001',150000,'uploads/PRUEBA_ARCHIVO_CARGAR_otAup48.docx','Mantenimiento general del Vehiculo');
INSERT INTO "gestionActivos_registrarmantenimiento" VALUES(18,'2022-10-16','Todo Mantenimientos','Bogota D.C.','VH001',150000,'uploads/PRUEBA_ARCHIVO_CARGAR_eiDCDhQ.docx','Mantenimiento general del Vehiculo');
INSERT INTO "gestionActivos_registrarmantenimiento" VALUES(19,'2022-11-02','Bomberos','Bogota D.C.','EX001',25000,'uploads/PRUEBA_ARCHIVO_CARGAR_aqMvkRc.docx','Revisión anual del extintor');
INSERT INTO "gestionActivos_registrarmantenimiento" VALUES(20,'2022-11-02','Logitec','Bogota D.C.','EQ001',80000,'uploads/PRUEBA_ARCHIVO_CARGAR_zAcFr2s.docx','Limpieza del portátil');
INSERT INTO "gestionActivos_registrarmantenimiento" VALUES(21,'2022-11-02','Logitec','Bogota D.C.','EQ001',80000,'uploads/PRUEBA_ARCHIVO_CARGAR_smhyrH3.docx','Limpieza del portátil');
INSERT INTO "gestionActivos_registrarmantenimiento" VALUES(22,'2021-12-15','Logitec','Bogota D.C.','EQ001',80000,'uploads/PRUEBA_ARCHIVO_CARGAR_YGgjLKZ.docx','Limpieza del portátil');
INSERT INTO "gestionActivos_registrarmantenimiento" VALUES(23,'2022-11-02','Todo Mantenimientos','Bogota D.C.','VH002',80000,'uploads/PRUEBA_ARCHIVO_CARGAR_m4qHRq1.docx','Cambio de Aceite');
INSERT INTO "gestionActivos_registrarmantenimiento" VALUES(24,'2022-11-02','Bomberos','Tulua','EX002',25000,'uploads/PRUEBA_ARCHIVO_CARGAR_KlAtRUU.docx','Recargue por uso');
INSERT INTO "gestionActivos_registrarmantenimiento" VALUES(25,'2022-10-15','Logitec','Bogota D.C.','EQ002',100000,'uploads/PRUEBA_ARCHIVO_CARGAR_VDwVGYR.docx','Actualización del sistema operativo y limpieza general del equipo');
INSERT INTO "gestionActivos_registrarmantenimiento" VALUES(26,'2022-11-20','prueba blanco','prueba blanco','N007',25000,'','prueba blanco');
INSERT INTO "gestionActivos_registrarmantenimiento" VALUES(27,'2022-11-20','Bomberos','bogota','N005',25000,'','recarga');
INSERT INTO "gestionActivos_registrarmantenimiento" VALUES(28,'2022-11-20','Bomberos','Bogota D.C.','N005',25000,'','recar');
INSERT INTO "gestionActivos_registrarmantenimiento" VALUES(29,'2022-11-20','Logitec','Bogota D.C.','N005',25000,'','revi');
INSERT INTO "gestionActivos_registrarmantenimiento" VALUES(30,'2022-11-20','Todo Mantenimientos','Bogota D.C.','asss',25000,'','rev');
INSERT INTO "gestionActivos_registrarmantenimiento" VALUES(31,'2021-12-01','Bomberos Tolima','Tolima','NAQ-63',50000,'uploads/PRUEBA_ARCHIVO_CARGAR_7ZyAr72.docx','Recarga Anual');
INSERT INTO "gestionActivos_registrarmantenimiento" VALUES(32,'2021-12-01','Bomberos','Tolima','NDX-62',50000,'uploads/PRUEBA_ARCHIVO_CARGAR_PFrZHJU.docx','Revisión y recarga anual');
INSERT INTO "gestionActivos_registrarmantenimiento" VALUES(33,'2022-11-25','Todo Mantenimientos','Tolima','N009',150000,'uploads/PRUEBA_ARCHIVO_CARGAR_abYmUTw.docx','Cambio de aceite y filtro.');
INSERT INTO "gestionActivos_registrarmantenimiento" VALUES(34,'2022-11-26','Todo Mantenimientos','Tolima','NUM01',150000,'uploads/PRUEBA_ARCHIVO_CARGAR_PpmqFMU.docx','Cambio de aceite y filtro.');
INSERT INTO "gestionActivos_registrarmantenimiento" VALUES(35,'2022-11-26','Bomberos','Tolima','NQL001',80000,'uploads/PRUEBA_ARCHIVO_CARGAR_CFHzOge.docx','Recarga por uso');
INSERT INTO "gestionActivos_registrarmantenimiento" VALUES(36,'2022-11-26','Logitec','Tolima','QWE11',120000,'uploads/PRUEBA_ARCHIVO_CARGAR_E06esTV.docx','Limpieza, actualización y mantenimiento de partes.');
CREATE UNIQUE INDEX "auth_group_permissions_group_id_permission_id_0cd325b0_uniq" ON "auth_group_permissions" ("group_id", "permission_id");
CREATE INDEX IF NOT EXISTS "auth_group_permissions_group_id_b120cbf9" ON "auth_group_permissions" ("group_id");
CREATE INDEX IF NOT EXISTS "auth_group_permissions_permission_id_84c5c92e" ON "auth_group_permissions" ("permission_id");
CREATE UNIQUE INDEX "auth_user_groups_user_id_group_id_94350c0c_uniq" ON "auth_user_groups" ("user_id", "group_id");
CREATE INDEX IF NOT EXISTS "auth_user_groups_user_id_6a12ed8b" ON "auth_user_groups" ("user_id");
CREATE INDEX IF NOT EXISTS "auth_user_groups_group_id_97559544" ON "auth_user_groups" ("group_id");
CREATE UNIQUE INDEX "auth_user_user_permissions_user_id_permission_id_14a6b632_uniq" ON "auth_user_user_permissions" ("user_id", "permission_id");
CREATE INDEX IF NOT EXISTS "auth_user_user_permissions_user_id_a95ead1b" ON "auth_user_user_permissions" ("user_id");
CREATE INDEX IF NOT EXISTS "auth_user_user_permissions_permission_id_1fbb5f2c" ON "auth_user_user_permissions" ("permission_id");
CREATE INDEX IF NOT EXISTS "django_admin_log_content_type_id_c4bce8eb" ON "django_admin_log" ("content_type_id");
CREATE INDEX IF NOT EXISTS "django_admin_log_user_id_c564eba6" ON "django_admin_log" ("user_id");
CREATE UNIQUE INDEX "django_content_type_app_label_model_76bd3d3b_uniq" ON "django_content_type" ("app_label", "model");
CREATE UNIQUE INDEX "auth_permission_content_type_id_codename_01ab375a_uniq" ON "auth_permission" ("content_type_id", "codename");
CREATE INDEX IF NOT EXISTS "auth_permission_content_type_id_2f476e4b" ON "auth_permission" ("content_type_id");
CREATE INDEX IF NOT EXISTS "django_session_expire_date_a5c62663" ON "django_session" ("expire_date");
CREATE INDEX IF NOT EXISTS "gestionActivos_detalleruta_fkPasajero_id_b7d73b7c" ON "gestionActivos_detalleruta" ("fkPasajero_id");
CREATE INDEX IF NOT EXISTS "gestionActivos_detalleruta_fkRuta_id_aeca3db9" ON "gestionActivos_detalleruta" ("fkRuta_id");
CREATE INDEX IF NOT EXISTS "gestionActivos_mantenimientovehiculo_fkRegistrarMantenimiento_id_49d0da75" ON "gestionActivos_mantenimientovehiculo" ("fkRegistrarMantenimiento_id");
CREATE INDEX IF NOT EXISTS "gestionActivos_mantenimientovehiculo_fkVehiculo_id_80566643" ON "gestionActivos_mantenimientovehiculo" ("fkVehiculo_id");
CREATE INDEX IF NOT EXISTS "gestionActivos_mantenimientoequipo_fkRegistrarMantenimiento_id_cc3a4d79" ON "gestionActivos_mantenimientoequipo" ("fkRegistrarMantenimiento_id");
CREATE INDEX IF NOT EXISTS "gestionActivos_mantenimientoequipo_fkEquipoOficina_id_c63a1422" ON "gestionActivos_mantenimientoequipo" ("fkEquipoOficina_id");
CREATE INDEX IF NOT EXISTS "gestionActivos_mantenimientoextintor_fkRegistrarMantenimiento_id_24f71c56" ON "gestionActivos_mantenimientoextintor" ("fkRegistrarMantenimiento_id");
CREATE INDEX IF NOT EXISTS "gestionActivos_mantenimientoextintor_fkExtintor_id_1e0e1cf4" ON "gestionActivos_mantenimientoextintor" ("fkExtintor_id");
CREATE INDEX IF NOT EXISTS "usuarios_usuario_user_id_27bf56db" ON "usuarios_usuario" ("user_id");
CREATE INDEX IF NOT EXISTS "gestionActivos_generarruta_fkUsuario_id_22295747" ON "gestionActivos_generarruta" ("fkUsuario_id");
CREATE INDEX IF NOT EXISTS "gestionActivos_generarruta_fkVehiculo_id_b1a22096" ON "gestionActivos_generarruta" ("fkVehiculo_id");
CREATE INDEX IF NOT EXISTS "gestionActivos_alarmas_fkEquipoOficina_id_be2e1cff" ON "gestionActivos_alarmas" ("fkEquipoOficina_id");
CREATE INDEX IF NOT EXISTS "gestionActivos_alarmas_fkExtintor_id_64f5be6a" ON "gestionActivos_alarmas" ("fkExtintor_id");
CREATE INDEX IF NOT EXISTS "gestionActivos_alarmas_fkVehiculo_id_d2fec6c8" ON "gestionActivos_alarmas" ("fkVehiculo_id");
CREATE TABLE IF NOT EXISTS "records_record" ("id" integer NOT NULL PRIMARY KEY AUTOINCREMENT, "name" varchar(200) NOT NULL);
INSERT INTO "records_record" VALUES(1,'record1');
CREATE UNIQUE INDEX "auth_group_permissions_group_id_permission_id_0cd325b0_uniq" ON "auth_group_permissions" ("group_id", "permission_id");
CREATE INDEX IF NOT EXISTS "auth_group_permissions_group_id_b120cbf9" ON "auth_group_permissions" ("group_id");
CREATE INDEX IF NOT EXISTS "auth_group_permissions_permission_id_84c5c92e" ON "auth_group_permissions" ("permission_id");
CREATE UNIQUE INDEX "auth_user_groups_user_id_group_id_94350c0c_uniq" ON "auth_user_groups" ("user_id", "group_id");
CREATE INDEX IF NOT EXISTS "auth_user_groups_user_id_6a12ed8b" ON "auth_user_groups" ("user_id");
CREATE INDEX IF NOT EXISTS "auth_user_groups_group_id_97559544" ON "auth_user_groups" ("group_id");
CREATE UNIQUE INDEX "auth_user_user_permissions_user_id_permission_id_14a6b632_uniq" ON "auth_user_user_permissions" ("user_id", "permission_id");
CREATE INDEX IF NOT EXISTS "auth_user_user_permissions_user_id_a95ead1b" ON "auth_user_user_permissions" ("user_id");
CREATE INDEX IF NOT EXISTS "auth_user_user_permissions_permission_id_1fbb5f2c" ON "auth_user_user_permissions" ("permission_id");
CREATE INDEX IF NOT EXISTS "django_admin_log_content_type_id_c4bce8eb" ON "django_admin_log" ("content_type_id");
CREATE INDEX IF NOT EXISTS "django_admin_log_user_id_c564eba6" ON "django_admin_log" ("user_id");
CREATE UNIQUE INDEX "django_content_type_app_label_model_76bd3d3b_uniq" ON "django_content_type" ("app_label", "model");
CREATE UNIQUE INDEX "auth_permission_content_type_id_codename_01ab375a_uniq" ON "auth_permission" ("content_type_id", "codename");
CREATE INDEX IF NOT EXISTS "auth_permission_content_type_id_2f476e4b" ON "auth_permission" ("content_type_id");
CREATE INDEX IF NOT EXISTS "django_session_expire_date_a5c62663" ON "django_session" ("expire_date");
CREATE INDEX IF NOT EXISTS "gestionActivos_detalleruta_fkPasajero_id_b7d73b7c" ON "gestionActivos_detalleruta" ("fkPasajero_id");
CREATE INDEX IF NOT EXISTS "gestionActivos_detalleruta_fkRuta_id_aeca3db9" ON "gestionActivos_detalleruta" ("fkRuta_id");
CREATE INDEX IF NOT EXISTS "gestionActivos_mantenimientovehiculo_fkRegistrarMantenimiento_id_49d0da75" ON "gestionActivos_mantenimientovehiculo" ("fkRegistrarMantenimiento_id");
CREATE INDEX IF NOT EXISTS "gestionActivos_mantenimientovehiculo_fkVehiculo_id_80566643" ON "gestionActivos_mantenimientovehiculo" ("fkVehiculo_id");
CREATE INDEX IF NOT EXISTS "gestionActivos_mantenimientoequipo_fkRegistrarMantenimiento_id_cc3a4d79" ON "gestionActivos_mantenimientoequipo" ("fkRegistrarMantenimiento_id");
CREATE INDEX IF NOT EXISTS "gestionActivos_mantenimientoequipo_fkEquipoOficina_id_c63a1422" ON "gestionActivos_mantenimientoequipo" ("fkEquipoOficina_id");
CREATE INDEX IF NOT EXISTS "gestionActivos_mantenimientoextintor_fkRegistrarMantenimiento_id_24f71c56" ON "gestionActivos_mantenimientoextintor" ("fkRegistrarMantenimiento_id");
CREATE INDEX IF NOT EXISTS "gestionActivos_mantenimientoextintor_fkExtintor_id_1e0e1cf4" ON "gestionActivos_mantenimientoextintor" ("fkExtintor_id");
CREATE INDEX IF NOT EXISTS "usuarios_usuario_user_id_27bf56db" ON "usuarios_usuario" ("user_id");
CREATE INDEX IF NOT EXISTS "gestionActivos_generarruta_fkUsuario_id_22295747" ON "gestionActivos_generarruta" ("fkUsuario_id");
CREATE INDEX IF NOT EXISTS "gestionActivos_generarruta_fkVehiculo_id_b1a22096" ON "gestionActivos_generarruta" ("fkVehiculo_id");
CREATE INDEX IF NOT EXISTS "gestionActivos_alarmas_fkEquipoOficina_id_be2e1cff" ON "gestionActivos_alarmas" ("fkEquipoOficina_id");
CREATE INDEX IF NOT EXISTS "gestionActivos_alarmas_fkExtintor_id_64f5be6a" ON "gestionActivos_alarmas" ("fkExtintor_id");
CREATE INDEX IF NOT EXISTS "gestionActivos_alarmas_fkVehiculo_id_d2fec6c8" ON "gestionActivos_alarmas" ("fkVehiculo_id");
CREATE TABLE IF NOT EXISTS "usuarios_usuario" ("id" integer NOT NULL PRIMARY KEY AUTOINCREMENT, "primerNombre" varchar(50) NOT NULL, "segundoNombre" varchar(50) NOT NULL, "primerApellido" varchar(50) NOT NULL, "segundoApellido" varchar(50) NOT NULL, "tipoDocumento" varchar(5) NOT NULL, "numeroDocumento" varchar(50) NOT NULL UNIQUE, "numeroTelefono" varchar(20) NOT NULL, "ciudadResidencia" varchar(50) NOT NULL, "direccionResidencia" varchar(100) NOT NULL, "correoElectronico" varchar(100) NOT NULL, "genero" varchar(20) NOT NULL, "cargo" varchar(30) NOT NULL, "fechaRegistro" date NOT NULL, "tipoUsuario" varchar(20) NOT NULL, "estado" varchar(1) NOT NULL, "user_id" integer NOT NULL REFERENCES "auth_user" ("id") DEFERRABLE INITIALLY DEFERRED, "foto" varchar(100) NOT NULL);
INSERT INTO "usuarios_usuario" VALUES(5,'Antony','','Botello','','C.C.','11223366','3183578458','Tolima','Calle 23 # 2 - 50','antony@gmail.com','Masculino','conductor','2022-10-28','Conductor','1',4,'usuarios/742760.jpg');
INSERT INTO "usuarios_usuario" VALUES(6,'Jonny','Mauricio','Canabal','Ospina','C.C.','1115081627','987456321','Bogota D.C.','calle 53','jonny.canabal@gmail.com','Masculino','Ingeniero','2022-11-01','Administrador','1',5,'usuarios/hamster_x2gEKGW.jpg');
INSERT INTO "usuarios_usuario" VALUES(7,'Diego','','Briñez','','C.C.','998877','123456789','Tulua','Calle 1','db@gmail.com','Masculino','Ingeniero','2022-11-02','Conductor','1',6,'usuarios/default_JyiYKqt.png');
INSERT INTO "usuarios_usuario" VALUES(8,'Jose','Nicolas','Molina','Valera','C.C.','74770263','1122334455','Bogotá D.C.','N80','JNMV@gmail.com','Masculino','conductor','2022-11-03','Conductor','1',7,'usuarios/default_518f24m.png');
INSERT INTO "usuarios_usuario" VALUES(18,'Leidy','Vanessa','Canabal','Ospina','C.C.','123698745','3183698521','Tolima','Calle 1 # 5-20','lvco123@gmail.com','Femenino','Asistente Administrativa','2022-11-15','Funcionario','1',17,'usuarios/calcifer_9gHgJe0.png');
INSERT INTO "usuarios_usuario" VALUES(20,'Oscar','oscar','oscar','oscar','C.C.','1234','318654854','bogota','calle 2','oscar@gmail.com','Masculino','Asistente Administrativo','2022-11-21','Funcionario','1',19,'usuarios/default.png');
CREATE UNIQUE INDEX "auth_group_permissions_group_id_permission_id_0cd325b0_uniq" ON "auth_group_permissions" ("group_id", "permission_id");
CREATE INDEX IF NOT EXISTS "auth_group_permissions_group_id_b120cbf9" ON "auth_group_permissions" ("group_id");
CREATE INDEX IF NOT EXISTS "auth_group_permissions_permission_id_84c5c92e" ON "auth_group_permissions" ("permission_id");
CREATE UNIQUE INDEX "auth_user_groups_user_id_group_id_94350c0c_uniq" ON "auth_user_groups" ("user_id", "group_id");
CREATE INDEX IF NOT EXISTS "auth_user_groups_user_id_6a12ed8b" ON "auth_user_groups" ("user_id");
CREATE INDEX IF NOT EXISTS "auth_user_groups_group_id_97559544" ON "auth_user_groups" ("group_id");
CREATE UNIQUE INDEX "auth_user_user_permissions_user_id_permission_id_14a6b632_uniq" ON "auth_user_user_permissions" ("user_id", "permission_id");
CREATE INDEX IF NOT EXISTS "auth_user_user_permissions_user_id_a95ead1b" ON "auth_user_user_permissions" ("user_id");
CREATE INDEX IF NOT EXISTS "auth_user_user_permissions_permission_id_1fbb5f2c" ON "auth_user_user_permissions" ("permission_id");
CREATE INDEX IF NOT EXISTS "django_admin_log_content_type_id_c4bce8eb" ON "django_admin_log" ("content_type_id");
CREATE INDEX IF NOT EXISTS "django_admin_log_user_id_c564eba6" ON "django_admin_log" ("user_id");
CREATE UNIQUE INDEX "django_content_type_app_label_model_76bd3d3b_uniq" ON "django_content_type" ("app_label", "model");
CREATE UNIQUE INDEX "auth_permission_content_type_id_codename_01ab375a_uniq" ON "auth_permission" ("content_type_id", "codename");
CREATE INDEX IF NOT EXISTS "auth_permission_content_type_id_2f476e4b" ON "auth_permission" ("content_type_id");
CREATE INDEX IF NOT EXISTS "django_session_expire_date_a5c62663" ON "django_session" ("expire_date");
CREATE INDEX IF NOT EXISTS "gestionActivos_detalleruta_fkPasajero_id_b7d73b7c" ON "gestionActivos_detalleruta" ("fkPasajero_id");
CREATE INDEX IF NOT EXISTS "gestionActivos_detalleruta_fkRuta_id_aeca3db9" ON "gestionActivos_detalleruta" ("fkRuta_id");
CREATE INDEX IF NOT EXISTS "gestionActivos_mantenimientovehiculo_fkRegistrarMantenimiento_id_49d0da75" ON "gestionActivos_mantenimientovehiculo" ("fkRegistrarMantenimiento_id");
CREATE INDEX IF NOT EXISTS "gestionActivos_mantenimientovehiculo_fkVehiculo_id_80566643" ON "gestionActivos_mantenimientovehiculo" ("fkVehiculo_id");
CREATE INDEX IF NOT EXISTS "gestionActivos_mantenimientoequipo_fkRegistrarMantenimiento_id_cc3a4d79" ON "gestionActivos_mantenimientoequipo" ("fkRegistrarMantenimiento_id");
CREATE INDEX IF NOT EXISTS "gestionActivos_mantenimientoequipo_fkEquipoOficina_id_c63a1422" ON "gestionActivos_mantenimientoequipo" ("fkEquipoOficina_id");
CREATE INDEX IF NOT EXISTS "gestionActivos_mantenimientoextintor_fkRegistrarMantenimiento_id_24f71c56" ON "gestionActivos_mantenimientoextintor" ("fkRegistrarMantenimiento_id");
CREATE INDEX IF NOT EXISTS "gestionActivos_mantenimientoextintor_fkExtintor_id_1e0e1cf4" ON "gestionActivos_mantenimientoextintor" ("fkExtintor_id");
CREATE INDEX IF NOT EXISTS "usuarios_usuario_user_id_27bf56db" ON "usuarios_usuario" ("user_id");
CREATE INDEX IF NOT EXISTS "gestionActivos_generarruta_fkUsuario_id_22295747" ON "gestionActivos_generarruta" ("fkUsuario_id");
CREATE INDEX IF NOT EXISTS "gestionActivos_generarruta_fkVehiculo_id_b1a22096" ON "gestionActivos_generarruta" ("fkVehiculo_id");
CREATE INDEX IF NOT EXISTS "gestionActivos_alarmas_fkEquipoOficina_id_be2e1cff" ON "gestionActivos_alarmas" ("fkEquipoOficina_id");
CREATE INDEX IF NOT EXISTS "gestionActivos_alarmas_fkExtintor_id_64f5be6a" ON "gestionActivos_alarmas" ("fkExtintor_id");
CREATE INDEX IF NOT EXISTS "gestionActivos_alarmas_fkVehiculo_id_d2fec6c8" ON "gestionActivos_alarmas" ("fkVehiculo_id");
